Performance.KDTMean,Performance.MAMean,Performance.MVMean,Performance.TBCMean,Performance.DDCMean,Performance.DMSMean,Performance.AEDMean,Performance.ADMSLMean,FatigueLevel,Performance.Task
0.6854828208,0.0363465191,0.0416776443,-0.0855419581,0.0990029139,0.000058186,-0.0071098412,0.0160090679,4,1
0.021535506,0.0382273241,0.0422739982,-0.0548920003,-0.0164469827,0.0020665586,0.0137124399,0.0582742258,4,1
0.0017410465,0.0466067918,0.0475666594,-0.0951143202,0.5238036856,0.0082761998,-0.0236895672,0.1132756597,5,1
-0.0003309247,0.0522052493,0.058021096,-0.0816946987,0.0077661098,-0.0105304333,0.0228862322,-0.0111127831,5,1
0.0075640577,0.0772870978,0.0806715421,-0.0781750549,0.0470516552,0.0185215986,0.0608346548,0.0841712105,5,1
0.002186559,0.0310778919,0.0359263996,-0.1005975226,-0.0085443341,-0.0049336079,-0.020878154,0,5,1
0.0024866926,-0.0293369343,-0.0193381106,-0.0987916853,-0.0604634608,-0.0070401767,0.0461523749,-0.0368772042,5,1
0.0742822843,0.0178234441,0.0319113254,-0.0631294991,-0.0451157415,-0.0001612968,-0.0307607935,-0.0010940401,3,1
0.0007954466,0.0083109592,0.0246995646,-0.1057638207,0.0278849296,-0.0089401393,0.0275900128,-0.031462857,3,1
0.0161428108,-0.0345997016,-0.0138724031,-0.0774750619,0.085032005,0.0021591639,-0.0252694826,-0.0111871228,3,1
-0.0012157873,-0.0292618091,-0.0234331909,-0.1048000043,0.0551736885,-0.0064167405,-0.0262143227,-0.0202157975,4,1
0.0009688461,0.0371354491,0.0485926721,-0.0640330035,-0.0541092487,-0.0050668527,-0.0026477238,-0.0163231224,3,1
-0.0002058988,0.0306281306,0.0312981914,-0.1049030551,-0.005017731,0.0200734382,-0.0192964297,0.0498026049,4,1
0.0225014925,0.0567146895,0.076910211,-0.102443236,0.199151012,-0.0080675389,-0.0127147547,-0.0279625532,5,1
0.0017476511,0.0974828787,0.115366961,-0.0780799336,-0.0644266383,-0.0128182437,-0.0383549755,0.0522370513,6,1
0.0028458707,0.0982622992,0.0993631527,-0.0871716186,-0.0597855567,0.0319322729,-0.0057712728,0.1293792808,2,1
0.0025291766,-0.0265953553,-0.0186799549,-0.1001372461,0.020336846,-0.0141844446,0.0164356663,-0.0611558473,2,1
0.0005799979,-0.0071814799,0.0101948266,-0.1018598859,-0.0644266383,0.0122043197,0.0520889535,0.0457391978,2,1
0.0028870449,-0.0196166819,-0.0088094662,-0.0730675135,-0.0275288866,0.0007686711,-0.0344908802,0.0256172408,3,1
0.0012962669,-0.0191067933,-0.0059710882,-0.0910274975,0.0324238653,0.0135532218,-0.0211193447,0.060686202,3,1
-0.0007596441,0.0039315513,0.0134896934,-0.0901224398,0.0071977107,0.0053853095,0.0132871814,0.0236129809,3,1
-0.0005095134,0.0961502157,0.096781365,-0.102984301,0.3422859615,0.0144350078,0.0011813632,0.0071574004,3,1
0.0019000004,0.0465779361,0.051396141,-0.105636726,-0.016907779,0.0038789664,-0.0256264331,0.0203901853,3,1
0.0009137991,-0.0061742459,0.0062528071,-0.0918052413,0.005336985,-0.0086029281,-0.0232113988,-0.0086981487,3,1
0.0010116485,0.0735282307,0.0817434279,-0.1054343874,-0.0359201656,0.0010575884,0.0727618855,-0.0003880105,3,1
-0.0004932995,0.0233303363,0.0352431336,-0.1019989228,-0.0035629985,-0.0036069819,0.0094715806,0.0276564524,3,1
0.0016326927,0.0222495252,0.0326166346,-0.1057372286,0.0370121981,0.0085522081,0.0562497039,0.0114152254,3,1
0.0027160782,-0.0327275074,-0.0207370156,-0.1042155183,0.0104241127,-0.0116525959,0.016250818,-0.0136151332,3,1
0.0057173175,-0.0264523165,-0.009725663,-0.0953535342,0.0558289112,-0.0021285049,0.0127445066,-0.0242473746,3,1
-0.003959657,-0.0767331567,-0.0588328582,-0.0912015758,0.0422144842,-0.0093287377,-0.0252700454,-0.0346303392,3,1
-0.0229554091,-0.0652313057,-0.0517203853,-0.0907206617,0.0066736485,-0.0050614352,0.0856467463,-0.0535402828,4,1
0.0074062195,-0.0780840131,-0.0590165403,-0.077528781,-0.0070178469,-0.0171919293,0.0083633442,-0.0713996334,4,1
0.0054203637,-0.0981951383,-0.0956080404,-0.0966946238,-0.0644266383,-0.0030290247,0.3390463015,-0.0629854972,4,1
0.0044199463,-0.0471871105,-0.0175115636,-0.071381779,0.0345975284,-0.0171990054,-0.0601069766,-0.0418571813,4,1
0.0011305488,0.0494815527,-0.0470860565,-0.0999407186,-0.0388939484,0.0107862239,-0.0549919143,0.0412533237,4,1
-0.0002775554,-0.0075790367,-0.0617379176,-0.0877052138,0.0279996974,0.0202724416,0.0622387999,0.0740373097,4,1
0.1294321325,0.0529574863,0.0205570155,-0.0305168779,0.0151571892,-0.0070658458,-0.0533505169,-0.0139909035,4,1
0.0113252152,-0.0786768847,-0.0635205893,-0.0658125691,0.0443780507,0.0019129884,-0.0402285402,0.0086351501,3,1
0.0030763366,-0.0694951258,-0.0558099322,-0.1056824922,0.0138407655,0.0086511075,0.0160217816,0.0066048468,3,1
0.000074438,-0.0185556606,-0.0062865315,-0.0627497703,-0.0644266383,-0.0021963791,-0.012829867,-0.0261214827,2,1
0.000503312,0.1388356665,0.1254379145,-0.1039694426,0.222456316,0.0055853053,-0.0010284851,0.0449209105,2,1
0.0015694981,0.038427964,0.0422076423,-0.0870613665,0.034277395,-0.0087980492,0.0529109959,-0.0205040507,3,1
0.0038980236,0.0070251132,0.0100797955,-0.0985364824,-0.012679756,0.0013143969,0.0049093132,-0.0229804656,4,1
-0.0005042509,-0.0093759454,0.0029978666,-0.1040139307,0.024292127,-0.0063859439,0.0141489209,-0.0185930134,3,1
0.0273129375,-0.0619477589,-0.0471885167,-0.0489439544,0.0248211089,-0.0034045465,0.0203607036,-0.0299741948,3,1
0.0012114642,0.0197932787,0.0185877507,-0.086162693,0.0355959888,-0.0048291538,0.0214185878,-0.0189913044,3,1
0.0002619363,0.0711092609,0.076768233,-0.1047897647,0.0174414896,0.0046329864,-0.0147012236,0.0567665097,3,1
0.0271068269,0.0817790275,0.0886249273,-0.0822253668,0.0080505699,0.0108310769,0.047597163,0.0431487528,4,1
0.0053188685,-0.0213412251,-0.0085484309,-0.0996027343,-0.0062636145,0.0058808686,0.0538993775,-0.0083555312,4,1
0.0195675002,0.031678537,0.0410379294,-0.0838189937,0.0079920515,0.0212747267,-0.0138624893,0.1087453142,5,1
0.0186678677,0.0264677019,0.0301767578,-0.0891025103,-0.0109921551,0.0107767677,0.0576879454,-0.0175461342,4,1
0.0864034627,0.0099218731,0.0043298358,-0.0366470776,0.1509648681,0.0142631393,0.0304885442,0.031982601,4,1
0.010040935,0.0153430006,0.0206008192,-0.0830277526,0.104417495,0.000858153,-0.0037537663,0.0414182933,4,1
0.0009320876,0.0480292401,0.0524185005,-0.083836281,0.0065690906,0.0071933367,-0.0064585093,0.0515254396,3,1
0.00950287,-0.0032483101,0.0016166638,-0.0987336963,0.0455229269,0.0048734109,0.0015405761,0.0243963596,3,1
0.0060780604,0.0161103529,0.0213705649,-0.0651588712,0.0276263763,0.0149060571,-0.0072840954,0.069199188,4,1
0.0010128114,-0.0623428103,-0.0436848519,-0.0878162129,-0.0644266383,-0.0185050767,-0.0039833523,-0.07536269,3,1
0.0036048197,0,0.0163961076,-0.0611463321,-0.0253007761,-0.0139563144,-0.0021800541,-0.0525758435,4,1
0.0049954299,0.0165368289,0.0200448498,-0.0717255509,0.0406340593,-0.0001413028,0.0065977836,0.0051541401,5,1
-0.0002056621,0.0191041736,0.0280114513,-0.0974251811,0.0333230744,-0.0067995861,0.0149190624,0.0056416766,5,1
-0.0003240493,0.0961156833,0.0899421412,-0.0980170168,0.0236181699,-0.0108159208,-0.0243451092,-0.0429924699,4,1
0.0098172608,0.0677679362,0.0643807392,-0.0799743603,-0.0121722979,-0.0092774647,0.0227657954,-0.0247214042,1,1
0.0532927698,-0.042802298,-0.0293934493,-0.0522355483,0.0684441276,-0.0011189228,0.0265283644,-0.0073933545,2,1
0.0914913517,0.0539829804,0.0637798427,-0.057208198,0.2081925751,0.0147791228,0.0490645559,-0.0002837565,2,1
0.066998136,0.0029787824,0.0065160134,-0.0664016079,0.0355224646,-0.0073120674,0.0113137604,-0.0393225246,2,1
0.0006116518,0.0091674651,0.0091545461,-0.084152202,-0.0190136933,-0.0089229527,-0.0233794857,-0.0137803432,2,1
0.0043111994,0.0624659252,0.0646273523,-0.0870660076,-0.037147617,0.0166208711,-0.0048730907,0.0476047687,3,1
-0.0018390039,-0.0841585021,-0.0733255193,-0.1035816341,0.0112167763,0.0512729824,-0.0051241172,0.1345801364,3,1
0.0017579917,-0.0744932787,-0.0582777107,-0.0895605811,-0.040750194,-0.004234015,-0.0258863366,-0.008728561,3,1
0.0010560437,0.0207364975,0.0199561585,-0.0834190909,0.0644334432,0.0417515138,-0.0013844947,0.1078039132,3,1
0.0004580446,0.004169093,0.0148162742,-0.1059348547,-0.0257275687,0.0026383277,0.0138220048,0.0141767434,4,1
-0.0008766811,-0.009615807,-0.002504387,-0.0970292113,0.202705609,0.0087623856,-0.0257202016,0.0454233773,4,1
0.0028693444,0.0742099315,0.0667695676,-0.0885801277,0.0156381131,0.0192862353,0.0407969806,0.0403123669,4,1
-0.0005590238,0.1377147925,0.1337845856,-0.1028711794,0.137954046,-0.0022512253,-0.0298928843,0.0052780592,3,1
0.0989762315,0.1697247564,0.1557024512,-0.0734235851,0.1092868286,0.115429262,0.0415847183,0.3231189402,3,1
0.0017769603,0.0475096869,0.0483795794,-0.099514021,-0.0041864237,0.0355351051,0.0007879273,0.2375705149,4,1
-1.70093129798098E-005,0.0561891751,0.0672264705,-0.1027754322,-0.0119219308,-0.0057615996,0.0096392745,-0.034727204,2,1
0.175984528,-0.005648886,-0.0050423693,-0.0796803731,0.0266456551,-0.0068535311,-0.0249702613,-0.0259560412,2,1
-0.0004011713,0.0013540475,0.0078795276,-0.0953597806,0.1447008557,-0.0038460497,-0.0061563387,-0.0192825154,2,1
-0.0063656682,0.1147551418,0.0965447961,-0.0997915187,0.0752941683,-0.0040741557,0.0705591845,-0.0109951174,2,1
-0.0008400757,0.0466075316,0.0502246811,-0.1042313689,0.0570842382,-0.0049175112,-0.0347208483,-0.0043353927,2,1
0.0918401192,0.1294838033,0.1119661456,-0.0617843661,-0.0212861914,-0.0075225978,-0.0103258124,-0.0003421877,3,1
0.0023655554,0.0515190478,0.0524393526,-0.0848526922,0.0004951039,0.0050666304,-0.0077734787,0.0242664471,2,1
0.010021276,0.0611481598,0.0591045082,-0.0808373032,0.0208808077,0.0379867662,-0.0437899439,0.1420819318,2,1
-0.0001283523,0.1033540335,0.0904454531,-0.1051586747,0.0253317668,0.0297465458,-0.0406016271,0.1688309548,2,1
0.0043466364,0.1263304503,0.130183089,-0.0620360476,0.0262314857,0.0904396404,-0.035142727,0.3758271127,3,1
0.0023712008,0.1064172797,0.1017849808,-0.0531201823,0.0214294504,0.0172572351,-0.0441187679,0.1338437776,4,1
-0.0229554091,0.0322560876,0.0307656963,-0.0045379284,-0.0644266383,0.0217333977,-0.0085918777,0.0817546988,2,1
-0.0005409181,0.0407355132,0.0546042904,0.0013026554,0.0746299499,0.002516347,0.0046959183,0.0401844314,2,1
-0.0022978465,0.0771269025,0.0657661427,0.0635274392,-0.0408767729,0.0299703285,0.0013573987,0.1540220724,2,1
0.0018763874,0.0223393314,0.0254624854,-0.0316470724,-0.0589877884,-0.0143035108,-0.0355701377,-0.026084055,3,1
0.0050518821,-0.0135923577,-0.0025501908,-0.0083492008,0.0460149358,0.0032339519,0.0145231886,0.0068059536,4,1
0.0040432646,0.0041947649,0.0139022883,0.0459878224,-0.0102171189,-0.0078030294,-0.0121359072,-0.0278141814,3,1
-0.0022226709,-0.0023730756,-0.0005424976,0.0343072083,0.0334276482,-0.0060527091,-0.0060540575,-0.0055232292,3,1
0.001154584,0.0121322232,0.0203418984,0.0860025218,-0.0555969903,-0.002504615,0.0028567918,-0.0200764167,3,1
0.0109586245,0.0497916575,0.0453082819,0.1291402431,-0.0265628522,0.0078598197,-0.0142054111,0.0735384426,3,1
1,-0.0079163737,0.0047680193,0.0972604412,0.0593118628,-0.0011155396,-0.030144079,-0.0077990627,5,1
0.0034815239,0.035797252,0.0425530754,-0.0171877478,-0.020587324,-0.0009406731,-0.0143617829,-0.0080673887,3,1
0.0013730217,-0.0038934235,0.006683793,0.1540696883,-0.0416326418,-0.0023126373,0.0024286821,-0.0427951214,2,1
0.005174261,0.0379676904,0.0518708536,0.0356143721,-0.0067678437,-0.0013512509,0.0344806008,0.0055613839,5,1
-0.0229554091,-0.0492868939,-0.0291333239,0.0546295581,-0.0198980512,-0.0113162219,-0.0240007249,-0.0326477221,3,1
0.0003490348,0.0405393418,0.0538507795,0.0620530238,0.0406903045,-0.0081832262,-0.0109178944,-0.0080053231,4,1
0.0048380552,0.0275875236,0.0159499072,0.0075945346,-0.0010691322,-0.003763701,-0.0228486406,0.043814676,4,1
-0.0008182271,-0.0426124992,-0.0673351377,0.0928741938,0.0574457774,0.0009508662,0.0275717776,-0.0096668114,2,1
0.0020098916,-0.0407690906,-0.0351260916,0.0461589895,-0.0124520781,0.0071600505,-0.0165494785,0.0518104571,2,1
-0.0022510808,-0.0142767241,-0.0111652396,0.0796664628,0.0363692806,-0.0006749279,-0.014283433,-0.0144570056,3,1
0.0030592604,-0.0576496749,-0.0492787593,0.1516002682,-0.0141644133,-0.0082576566,0.0322804685,-0.0099800217,3,1
-0.0056265533,-0.0988005654,-0.0812701627,0.1625803316,0.0193553671,-0.0072368757,0.0135304724,-0.0416211601,3,1
0.000105078,-0.0314855304,-0.0244201736,0.0782857156,-0.0511710402,-0.0095343337,-0.0084298005,-0.0342003847,4,1
0.0008953693,0.169507393,0.1376992927,0.0478723234,0.0327783127,0.0139739759,-0.0128815631,0.0717030482,3,1
0.0140761358,-0.0820406366,-0.0707715686,0.0860062858,0.017711086,0.0216798872,-0.015642166,-0.021700577,5,1
0.0011211346,0.0408185717,0.0517297269,0.0682960079,-0.0245718355,0.0046720879,0.0045036621,0.0694912655,1,1
0.0033485214,-0.0334047502,-0.0251522208,0.1670390185,-0.0395385931,0.0145803839,0.0461261393,0.0121196527,1,1
0.0036551061,-0.0182542976,-0.0025218117,0.1643255971,-0.0335083849,-0.0096655252,0.0499665878,-0.0461592765,1,1
0.0161893093,0.0700135073,0.0922700845,0.0488649967,-0.0241798068,0.0047417756,0.0110720605,0.0436466877,3,1
0.0058573625,-0.0223070553,-0.0054750825,0.0673729338,0.0295599326,-0.0022434953,0.0264431754,-0.0250712458,3,1
0.0016122254,0.0122779642,0.0221427141,0.0694628003,0.0170989054,0.0243681348,-0.0053047922,0.0891403333,3,1
-0.0013782198,-0.0049598201,0.0083000817,0.2358729432,-0.0162563844,0.0225012966,0.0289355578,0.0751913223,3,1
0.0041662119,-0.0409299325,-0.0253550592,0.0637879763,0.0096942834,-0.0176057631,0.070970929,-0.0735154368,3,1
0.0006433431,-0.0474435691,-0.0379881123,0.0991201459,-0.014260695,-0.0086668864,0.0018936035,-0.0226928816,3,1
0.0780035451,-0.0474180415,-0.039707411,0.096645131,-0.0049362287,-0.009824278,0.0866297888,-0.0380185582,2,1
0.0001672739,0.0285603776,-0.0238456121,-0.0147529258,0.0038425315,0.0035805513,0.0067971151,0.0352291669,1,1
0.0006518777,0.0942157122,-0.015065113,-0.0062658352,-0.0201015473,-0.0001544106,0.0027033144,0.0327206307,1,1
0.0005646131,0.0389581107,0.0113785303,0.0315499558,0.2435162193,0.0126178256,0.0236338057,0.0760797369,2,1
0.0014424984,0.1741477088,-0.0754385784,0.0390340326,-0.0065162628,0.0270728298,0.0123493127,0.119589338,2,1
0.010421105,0.0721274374,0.0011971447,0.3452589099,0.0101772866,0.0066794282,-0.0346952014,0.0867367495,2,1
0.0040790096,0.0740789883,0.0244956458,0.1575961667,0.3005517012,0.0156894483,0.0095063909,0.1019967161,2,1
0.0012295845,0.1087110609,0.0618995034,0.0759261746,-0.0360833434,-0.00357352,0.0026209767,0.0219147497,2,1
-0.0006008809,0.4278807146,0.1450037786,0.0015438433,-0.0644266383,0.0376019479,0.0112078935,0.1346261326,2,1
-0.000965498,0.1094600053,0.0574858311,0.0344627914,0.067227065,-0.0082314535,-0.0011333719,-0.0366617648,2,1
0.0269192758,0.2754298555,0.0788601254,0.4407465056,-0.0644266383,0.0303922869,-0.0128591576,0.0934788558,2,1
0.0024331041,-0.0115333881,-0.0530243844,0.0223935986,0.1399346375,-0.0092641425,-0.0344692346,-0.0343670361,2,1
0.0130355385,-0.0565789058,-0.0471204524,0.140183924,0.0296086936,0.0048138327,-0.0321436204,-0.005631056,2,1
-0.0030048245,-0.0094449386,-0.0101373441,0.0129568489,-0.0576947944,0.0148654503,-0.0237195445,0.0853453851,2,1
0.0024616286,0.0114684204,0.0087071863,0.0579471663,4.74995938640728E-005,0.0111469685,-0.0265376482,0.0593613517,2,1
0.0039900379,0.1026945473,0.0499389216,0.0011013582,0.0577863959,0.0104047546,-0.019399515,0.0466142273,2,1
0.0010822157,0.0385131816,-0.0323712336,0.0808666204,0.0008465116,-0.0054186601,-0.0020717026,-0.0136815056,2,1
0.0060395849,-0.0533953744,-0.0424580385,0.0343091114,-0.0032950825,0.0075292859,0.0045716917,0.048407256,4,1
0.0016633805,-0.032998242,-0.0317880855,0.0465989485,0.008659437,0.0172732016,-0.0268229977,0.1195044902,4,1
0.0012434822,0.0361805148,0.0439505022,0.1137352488,-0.0289754102,-0.0002120083,-0.0048103133,0.0063944712,2,1
-0.0229554091,0.0566365472,0.0770199496,0.0752295562,-0.0211735422,-0.0137704555,0.2240671977,-0.0472436673,2,1
-0.001563304,0.0858030721,0.0795768915,0.012166799,0.1033325428,0.0018191984,0.0049435715,-0.0232484532,2,1
0.00282006,-0.0290764433,-0.0230313716,0.0031123867,-0.0214370268,0.0185401097,-0.008325382,0.0662986338,4,1
0.0627075659,-0.0383956735,-0.0281872819,0.1357437947,0.0446402607,0.0020642929,0.0103967655,-0.027830386,5,1
0.001426134,-0.027437916,-0.0315178972,0.1210845886,-0.0329035389,0.0250802498,0.0046316842,0.047860243,5,1
0.0025238288,-0.0211678096,-0.0165943383,0.1320327903,-0.0407621466,0.0260220233,0.0271088095,0.0747367234,5,1
-0.0013286572,-0.0928030249,-0.0784630937,0.0123818948,-0.0218375947,-0.0123370958,-0.0136921957,-0.0546062801,2,1
-0.0023985877,-0.0362092315,-0.0206995927,0.0107214989,-0.012726533,-0.0143481153,-0.0318979486,-0.0179838288,2,1
0.0012440849,-0.072565165,-0.0627312244,0.221223575,0.0417976226,0.0124034471,-0.0061560856,0.0328792785,4,1
-0.0037500952,-0.0602658306,-0.0461830762,0.4821369512,-0.0459440165,-0.0114335016,0.0735346599,-0.0485573946,3,1
0.0004991021,-0.0711478493,-0.0583579239,0.1554719666,0.0072491422,-0.0072870715,0.0612048004,-0.0524278488,3,1
-0.0010655616,-0.0038448385,0.0003804509,0.1656407058,0.0150243122,-0.0035233074,0.0313062985,-0.0190332499,3,1
-0.0014181927,-0.0706164634,-0.0635085935,0.2602884321,-0.0168586015,-0.0048805808,0.023898478,-0.0441348707,3,1
-0.0004283211,-0.0764454896,-0.0599220627,0.1691354183,0.0452488277,-0.0124724009,0.0079574513,-0.0523889238,3,1
0.0038708689,-0.1067235534,-0.0999564728,0.1825145099,-0.0303534897,-0.0129392907,0.0075266688,-0.049028719,3,1
0.0035540704,0.1244468065,0.1136319403,0.0478007137,-0.0164877513,0.015593045,0.0003232315,0.1478848995,1,1
0.0002414334,-0.0053245709,0.0129743435,0.0276306696,-0.0041336853,0.0002917256,-0.0238969782,0.0227367948,1,1
0.0009832277,0.0898512757,0.0114163825,0.1316925359,-0.0373386522,-0.0023834132,-0.0100404234,-0.00678396,2,1
0.0001700826,0.0140607048,-0.1063097767,0.037016496,-0.0351515304,0.027994424,0.0064220936,0.1130712926,2,1
-0.001136995,-0.0704999475,-0.0754397264,-0.031134299,-0.0644266383,0.0035622172,-0.0363294489,0.0229861684,2,1
0.0023848655,-0.0722940233,-0.0553265147,0.0886403598,0.0403891555,0.0048946697,-0.0156139926,0.0097893585,2,1
0.000373914,-0.0376508597,-0.0179547708,0.111365547,0.031536461,0.0047459654,-0.0195995398,0.0104534272,2,1
0.0050139678,-0.056600078,-0.048888721,0.1921125916,0.0541287323,0.0087497458,0.0167257312,-0.0149120487,3,1
0.0024178214,-0.0001502729,0.0116466943,0.0792983758,0.0282909591,0.0079839183,0.0262647521,0.0073865739,4,1
0.0018420577,0.0495347887,0.0398754801,0.068797494,-0.0638301446,0.0309904403,-0.0239652273,0.086281323,4,1
0.0012479881,0.0132177866,0.0103677375,0.1650676121,-0.0077291515,0.0459327921,0.0028850872,0.1940214931,4,1
0.002169775,0.2021759513,0.1772179961,-0.022021583,-0.0211206428,0.0204177347,0.0601965124,0.058339433,4,1
-0.00500317,0.0404076738,0.0144217192,-0.0605704226,-0.0644266383,0.0054858789,-0.0139599351,0.0351657202,4,1
-5.05977136039917E-005,-0.0695724086,-0.0808222326,0.3933102256,0.1407701052,0.0319737703,0.1624219518,0.0981050298,4,1
-0.006544978,0.0004701128,9.17032620123283E-005,-0.0229117855,-0.0640048536,0.0401372137,-0.0521851399,0.2027095729,4,1
0.009512469,0.0015221007,-0.0041646563,-0.0151538773,0.0273369837,-0.0048429069,-0.0174189765,0.0051195093,2,1
0.0003423554,-0.0083203017,0.0038643507,0.4287454094,0.3826290668,-0.0018959201,0.0203006056,-0.0152800024,2,1
-0.0018233726,0.05680323,0.0295911915,0.025258218,0.0512888219,-0.0016527326,0.0060824679,0.0179271448,2,1
0.0044720711,-0.1184564396,-0.1093806448,0.1234825802,0.1605262021,-0.0137808335,-0.0163636696,-0.0408480216,2,1
-0.0006929822,-0.0057308381,-0.051871989,0.0105154594,-0.0098220524,-0.0030186277,0.0690866965,-0.0239063186,3,1
0.0024557006,-0.0186203425,-0.0615009865,0.013236973,0.0214522414,0.0117134313,-0.0182300377,0.0397375108,2,1
0.0017151832,0.0264661843,0.0269814249,0.1464108768,0.0059963359,-0.0102648973,0.0225910199,-0.0416773115,3,1
0.1128810022,0.0086444591,0.0037594042,0.0338988079,-0.0152562348,0.0644492574,-0.0084007965,0.2033607175,3,1
0.0016665949,-0.0303940534,-0.052064793,0.0384115401,0.0923749452,0.003029714,-0.0040840359,0.008214312,3,1
0.0026254248,-0.0080230886,-0.0654959871,0.0050806822,-0.0409502036,-0.0118444727,-0.0148232981,-0.0301876638,3,1
0.0015044186,-0.0193871122,-0.0339589202,-0.016346837,0.1053927072,-0.0041468822,0.0018117884,-0.0016875019,4,1
0.0014789506,0.0236678455,-0.0083556373,0.0667735623,0.0535778234,0.0012554054,-0.0332469237,0.0292633307,4,1
0.0003860245,0.0712769783,-0.0305269427,0.0195957896,0.0394563841,-0.0079845752,-0.008174305,0.0140264185,3,1
0.0030889676,-0.0942957493,-0.0818796283,0.0159584735,0.1541005403,0.0123517346,-0.029529684,0.0093083111,4,1
0.0003868555,-0.0593595808,-0.0509833218,0.0645293625,-0.0131443811,0.0047588602,-0.0127427418,0.01664606,4,1
0.0019889124,-0.0250569458,-0.0226880695,0.0623919825,-0.0407746848,-0.0030676566,-0.008842591,-0.0071819606,4,1
0.0074306056,-0.0719397506,-0.0609974278,0.119813805,0.0118573549,-0.0039595085,0.0126612257,-0.0258335884,4,1
0.0040378853,-0.0865403129,-0.0755225006,-0.001143483,-0.03286813,-0.0166203618,0.025478697,-0.0631868781,4,1
0.0023395655,-0.0356455888,-0.0297456905,0.0438914915,-0.0463081135,0.0012765283,0.0233365814,-0.009178478,4,1
0.0026679985,0.006192401,0.0128370063,0.0681700268,-0.0439786369,0.0073334836,-0.042122366,0.1153385934,3,1
0.0017714609,-0.0224140878,-0.0111160057,0.013555822,-0.0644266383,-0.0102371496,-0.0085126471,-0.0189989466,3,1
-0.0002721578,0.0363104948,0.0407429889,0.1211925292,-0.0026564763,-0.0130207836,0.0587985681,-0.06454067,3,1
0.0015920078,0.018772292,0.0247571866,0.1118037346,-0.0279005592,0.0026649957,0.0132206656,0.060503466,3,1
0.0002193714,0.0031563043,0.0215723118,0.1264640301,-0.0111823432,0.0249049379,0.0177673011,0.0661663027,3,1
-2.51356422162054E-005,-0.0419268458,-0.0384900854,0.1574265054,-0.0264632754,-0.0084052714,0.040794521,-0.0119527954,3,1
-2.83942187687582E-005,0.0039940078,0.0017918296,0.0553784233,-0.0388419654,-0.0075011038,-0.0036006675,0.0018569883,3,1
0.0031712427,0.0445887365,0.0155289614,-0.0385936652,0.015573683,0.0013057021,-0.0100127204,0.0002747378,2,3
0.0751086339,-0.0052419257,-0.064264612,-0.0074292221,0.0230477058,-0.01561581,0.0051534576,-0.0606416785,3,3
-0.0025160029,0.0933836464,-0.0197476879,0.0560150546,0.2723581091,-0.0115273102,-0.0169944074,-0.0484343228,3,3
0.00628289,0.0601457171,-0.0611557444,-0.012745826,0.0147355779,-0.0118309893,-0.0452129017,-0.047540571,3,3
-0.0021635103,-0.0463083612,-0.0869204729,-0.0098134336,-0.0295944923,-0.0153317621,-0.0154041364,-0.0569051835,2,2
-0.0007087577,-0.0075569602,0.0008927749,-0.0136414005,0.0294372183,-0.00539574,-0.0110324427,-0.0076836301,1,2
0.0030981899,-0.0186824986,-0.0220435164,-0.0553351108,0.1542289822,-0.0008315679,-0.0032626432,0.0132845066,1,2
-0.0229554091,-0.226286736,-0.1790473214,-0.1257148305,-0.0644266383,-0.0206736797,0.0158949079,-0.0880088559,1,2
-0.0003847608,0.1409828047,0.1346150466,-0.0121981292,0.1842906382,0.0226050512,-0.0079983473,0.142191651,2,2
-0.0004257201,0.0398261157,0.0174859198,0.015886848,-0.0238936098,0.0244016253,0.0020953116,0.1355756066,2,2
-0.0038705906,0.046874922,0.0605998614,0.1571807927,0.0201280788,-0.0033250675,0.0161567977,0.0234091738,2,2
0.0014410314,0.0735173731,0.0373791897,0.0012642736,-0.006658,0.0007737607,0.0098476136,0.0699223514,2,2
0.0216379618,0.0293074894,-0.0553196599,-0.0452521503,0.0203794576,-0.0133569931,0.0085097568,-0.0435107164,2,2
-0.0001120802,0.0221660001,-0.0650579946,0.1336420981,0,0.0378877696,0.0189989585,0.0819752292,2,2
0.0099299319,-0.03601129,-0.0550193496,-0.0187602843,0.0324792089,0.0167283603,-0.0300194989,0.1769046495,2,2
0.0097449115,-0.0263226229,-0.0004535961,-0.0105014076,0.304774169,0.0014720933,-0.0122541411,0.0148720583,3,1
0.0105938857,0.108148776,0.0042605245,-0.008484181,0.2093717207,0.0106812727,0.0253016074,0.1964792405,4,1
0.0387325917,-0.0149118533,-0.001370857,-0.0016565343,-0.0359936931,-0.0091048355,0.0188537467,-0.1540146655,4,1
0.0028521845,-0.083238809,-0.0029300738,-0.0079197657,-0.014219276,0.0036005666,0.0082319476,0.0213138939,2,1
0.0014111262,-0.0743414413,-0.0019172638,-0.0106039977,0.001192933,-0.0131630531,0.0414812386,-0.2068342528,2,1
0.0600832836,-0.0112056771,-0.0002840053,-0.00571555,-0.0022462654,0.0022801815,0.026647617,0.0283002318,3,1
0.0047468201,-0.0035046408,0.0002299449,-0.0098840196,-0.0404537261,0.0043460664,0.0226908202,0.0312859247,3,1
0.0021260047,0.1159307392,0.0043803348,-0.0106954933,-0.0006049689,-0.0023582398,0.0200510454,-0.0335998145,3,1
0.0616640496,0.0538131121,0.0024409457,-0.0088229392,0.2132882463,-0.0025538055,-0.0150918591,-0.0716187917,3,1
0.0046204222,0.0627738401,0.0027526992,-0.0099912576,0.0350872385,-0.0090855072,0.037104644,-0.1336577613,3,1
0.0722791246,0.029381222,0.0003081421,0.0027771949,0.0349352433,-0.0013616136,0.0392811334,-0.0700091588,3,1
-0.0003524337,0.0929020589,0.0042110211,-0.004258944,-0.045425443,0.0038332144,0.0275315931,0.0608055532,3,1
-0.0005808298,-0.0053307805,-0.0008649632,-0.0138952519,0.047466779,0.0112358515,-0.0201576063,0.0331354372,3,1
0.0040979583,0.033201356,0.0002252223,0.0046393479,0.0418569458,0.0012206741,-0.007541286,0.000373114,2,1
0.000475083,-0.0937014556,-0.0031273104,0.0126938864,0.0809814676,-0.0108947961,0.0084229402,-0.1585428397,2,1
0.0063636995,0.0438997323,0.0018278938,-0.0041035871,0.0478948108,0.0122132975,-0.0222060164,0.1118690279,3,1
0.0100287695,0.0448563435,0.0021097407,0.0271073005,-0.046340516,-0.0054832117,0.0641443245,-0.0636942956,2,1
0.003473349,-0.0850656175,-0.0030610519,0.0270932853,0.0836108717,0.0024256472,-0.0168037249,-0.0365566216,4,1
0.002177368,-0.1383717219,-0.0046026174,0.0260785951,0.0408629439,-0.0091599095,0.0465450233,-0.152252237,2,1
-0.0010895402,-0.1238835531,-0.0045117007,0.0047020004,-0.0108641645,-0.0075322102,-0.0083013599,-0.0805857436,2,1
0.0012073257,-0.1635595107,-0.0052649701,0.0142819293,0.1301537158,0.0368988567,0.0052605062,0.2563673301,2,1
0.002005262,-0.1310781253,-0.0038716251,0.0087006186,0.0055813104,-0.0011498353,0.0022724631,0.0454630298,2,1
0.0006866962,-0.1332985616,-0.0046967941,0.0138990665,-0.0154739056,0.0023399671,0.0013109411,0.1609715428,2,1
0.0002887791,-0.0566911127,-0.0023149199,0.0067812121,-0.0031629437,0.0008426078,0.0751060384,-0.0361302009,2,1
-0.0012367948,-0.0411073493,-0.0023604679,0.0033478352,0.2453636441,-0.0060240073,0.0029170676,0.0743255259,2,1
0.0029953013,0.079146617,0.0016389536,0.0338716966,0.0010605898,0.0209986791,0.1238776352,0.194031831,2,1
0.0023584421,-0.0273559247,-0.0003161341,-0.0025456916,0.0454724246,-0.0056545937,-0.0296873438,-0.0270155174,2,1
0.0039129449,0.1025670195,0.0030395544,-0.0051835337,0.127382878,0.0077229659,-0.0302009126,0.2522041869,2,1
0.0418029899,-0.0392571229,-0.0015341104,-0.0006857897,0.0420952518,-0.0048725633,0.0059940809,-0.0633387862,1,1
0.0023225069,-0.0388196649,-0.0014305891,2.24540577266914E-005,0.0587523618,-0.0050300251,0.0072322805,-0.0513465775,1,1
0.0174801432,0.090325902,0.0027455573,-0.0031882498,0.0867171766,0.003713766,-0.0179746386,0.2599314554,3,1
0.0402627633,0.0089273777,-0.000109385,0.0051146877,-0.0384708018,-0.0013048196,-0.0010115506,0.0009716296,2,1
-0.0054375629,-0.0467893534,-0.0013355203,0.0368103971,-0.0467065452,0.0040897774,0.0131169053,-0.0094541429,2,1
0.001137486,0.0245217431,0.0008780404,-0.001501754,-0.0430808012,-0.0005840956,-0.0141767433,0.0427120949,2,1
-0.0002249894,-0.0668277989,-0.0029096275,0.0048320161,-0.0163157353,0.0040075819,-0.0110240758,-0.0070127862,2,1
-0.0005140746,-0.0133715293,-0.0001919508,-0.0004876371,0.0754399632,-0.0088817662,0.0131997304,-0.1579624634,2,1
-0.0007773176,0.0133509894,0.0001781888,0.0026130254,-0.0436355033,-0.009154732,-0.015953238,-0.1658910133,2,2
-0.0007981507,0.0146436386,0.0003136551,0.0012762402,-0.0311270485,-0.0048528308,0.0060326482,-0.0831843974,2,2
-0.0008798151,0.1002936685,0.0033409028,0.0030285978,0.0233509702,-0.0021353632,0.0108503163,-0.0494688823,2,2
-0.0005181217,0.0640076086,0.0016793734,0.0062946283,-0.0467065452,0.0004673577,0.0291610159,-0.0591574071,2,2
-0.0010130445,-0.0104430805,0.0002311072,0.0218357421,-0.0044684753,0.0019721001,0.0015957027,-0.1382623088,2,2
0.0011598039,0.0104573304,0.0008373583,-0.0078063861,-0.0375897885,-0.0121559279,-0.0133053905,-0.1847920351,2,2
0.0106173297,-0.0967474213,-0.002661784,0.0343412608,-0.0224360501,-0.004643727,0.361692813,-0.1756698569,2,2
-0.0006840486,0.0802437138,0.0030923253,0.0121042639,-0.0467065452,6.18344843741152E-005,0.0381955349,0,2,2
-0.0003492837,0.0700228966,0.002246979,-0.0036898406,-0.0420875797,-0.0055354764,-0.0222477507,-0.0753935791,2,2
-0.0005244087,0.2939615701,0.0107131018,0.0060631689,-0.0243112282,-0.0074390986,-0.0374758528,-0.0663044514,2,2
-0.0002022265,0.0451529258,0.0010473103,0.0113679891,-0.046340516,-0.0042229431,-0.0227575223,-0.0644338365,2,2
-0.0002495617,-0.0292330994,-0.0006428698,0.0053399715,0.0281097545,-0.011372276,0.0165176114,-0.1497236539,2,2
-0.0005632902,0.0219113624,0.0014403262,0.0134578117,-0.0459744868,0.0065298256,-0.0211897851,0.1816747255,2,2
0.000659529,0.0382083239,0.0017052307,-0.004004028,0.067352325,-0.010046957,-0.0123340965,-0.1680682703,2,2
0.0003344408,-0.0524845722,-0.0012406578,0.0298759245,-0.009787038,-0.0074394075,0.22612655,-0.1522155144,2,2
0.0013986448,-0.032182214,-0.0011603324,0.0101469858,0.0429375515,0.0005307252,0.0094830927,-0.0605510181,2,2
0.002181081,-0.0801874794,-0.0021704079,0.0133868121,0.0278379019,0.001678364,0.0269551822,-0.1852699827,2,2
0.0176770449,-0.0786501149,-0.0021500542,5.4841823156392E-005,-0.0037734702,-0.010343905,-0.0170338273,-0.1666956174,2,2
0.0204102391,-0.0332525665,-0.0007309137,-0.0016980626,-0.0423141949,0.000653842,0.0346275984,0.0369809208,2,2
-0.0002539075,-0.0643488947,-0.001706472,-0.0056242613,-0.0093824953,-0.0104696232,-0.0187591684,-0.1660582203,2,2
-0.0215914407,0.048363792,0.0017903381,-0.0052034936,-0.046340516,-0.0069180367,0.0127505438,-0.0672821055,3,2
-0.0215914407,-0.0166348923,-0.0008135055,0.0166421091,0.0037450524,0.0186177167,0.0111222478,0.1783458978,3,2
-0.0215914407,-0.0136977435,-0.000844138,-0.0064442251,0.3248566228,-0.0004214084,-0.0011819007,-0.0406147199,3,2
-0.0215914407,-0.0268175515,-0.0004830517,-0.0068346576,-0.046340516,0.0044930608,0.0094771357,-0.0887584228,3,2
-0.0215914407,0.1973225082,0.0077149284,-0.0017031175,0.0080510639,0.0116679109,-0.0082596484,0.121927523,3,2
-0.0215914407,-0.0910661563,-0.0029432818,0.0045999577,0.0081250397,-0.0028607391,0.0414289897,-0.0360771009,3,2
0.000043217,-0.1022723554,-0.0033461369,0.0495259051,-0.0458613776,0.0159552439,0.0131389033,0.1455804563,3,2
0.0036511614,-0.0254726823,-0.0008318005,0.0002994306,0.1035991171,0.013754041,0.036402159,0.1383149372,3,2
-0.0022807923,-0.0096288326,-0.0007311022,0.0127644509,0.003910447,0.0181516969,-0.0118314433,0.1279593705,3,2
0.0027813878,-0.0916419785,-0.0023706658,0.0787470917,-0.0437682093,0.0076012158,0.0522674317,0.081054636,2,2
-0.0215914407,0.2562720069,0.023234101,-0.0146651239,-0.0250810812,-0.0140582512,-0.1391924357,-0.2338076435,2,3
0.0005480501,-0.0394957056,-0.0015133319,0.0043872389,0.0141874439,-0.0078833015,-0.0151205877,-0.0774966032,3,2
0.0643051538,-0.0527264735,-0.0011784357,-0.0028999086,0.0273059949,-0.0105849966,-0.0078394898,-0.1811050815,3,2
0.0049248425,0,-0.0003039783,0.0022084685,-0.018443148,0.0036439943,-0.0026341486,0.1006194204,3,2
0.0008401138,0.1088459266,0.0039735314,0.010318565,-0.0070404066,-0.0090700907,0.0331183958,-0.149511907,3,2
0.000675541,-0.1046062272,-0.0031138193,-0.002195496,-0.0446846497,-0.0025468611,-0.0101910504,-0.0583377932,3,2
0.0010858184,0.3598139815,0.0139547815,0.0992050466,0.1649953171,-0.0026644556,0.0119932083,-0.12882355,3,2
-0.0215914407,0.0079016481,0.0003203181,0.0152342194,0.0875012108,0.0009920285,0.0432680089,0.0304658744,3,2
-0.0215914407,-0.0039473553,-0.0001569323,0.0101988561,0.0284299042,0.0248124689,0.012667137,0.3390373068,3,2
-0.0215914407,0.1625442883,0.0075397244,-0.0017661983,-0.0452424285,-0.0043908467,-0.0326660935,0.2244622571,2,2
-0.0215914407,-0.063183619,-0.0024472142,-0.0031343615,-0.0418222996,-0.0010323595,-0.0032523087,0.0230169709,2,2
-0.0215914407,0.089955754,0.0031797714,-0.0052195814,-0.022938325,-0.0027740735,0.1302461842,-0.0423497295,2,2
-0.0215914407,0.1004804728,0.0036244983,-0.0013239584,-0.0164036594,0.0059789139,-0.0062817689,0.0947244943,2,2
-0.0215914407,-0.0429885623,-0.0015756673,0.0102397041,0.0904753805,-0.0029325264,0.0002154048,0.0908418439,2,2
-0.0215914407,0.0007914416,0.0003154928,-0.000129174,0.1299256039,-0.0049931644,-0.0057485041,-0.0748948728,2,2
0.0136842189,0.2451872423,0.0095789847,0.0208114932,-0.0467065452,-0.0077936831,1,-0.1978287148,2,2
0.0011693962,0.0784184179,0.0033534986,0.0050208355,-0.019841242,0.0027860819,0.0025969206,0.1270373036,2,2
0.0264886049,-0.0831645412,-0.0025858626,-0.0093495519,-0.0078542258,-0.011786356,-0.0413768919,-0.1520455272,3,2
-0.0215914407,0.6238770462,0.0264323776,-0.0146651239,-0.0467065452,-0.0027435753,-0.034710345,0.1834957701,3,2
0.0007234479,-0.2020500477,-0.007199432,0.007405634,0.0584603532,-0.0137321839,0.0485241183,-0.2139332219,3,2
-0.0006548585,0.0909257518,0.0039473704,0.012228476,0.0839338524,0.0060457983,0.0506188644,0.0470384464,3,2
0.0002377167,0.0760622801,0.0043479447,-0.0059344156,-0.0341197435,0.0022120735,-0.0303535461,0.020729481,3,2
0.0001431693,0.0040487803,0.0004284638,-0.005089859,0.0940346894,-0.010222662,-0.0336193657,-0.0981421211,4,2
0.0001437926,-0.0506015372,-0.0004735302,-0.0048838958,-0.0363650005,-0.0110587374,0.0221086737,-0.1207555487,3,2
-0.0005806711,-0.0590725565,-0.0015599194,0.0010145638,-0.0237996949,-0.009484052,0.0128445318,-0.1600599576,3,2
0.0040382732,0.1356441222,0.0050971236,-0.0025536521,-0.0320468619,-0.0004552045,-0.0287294442,0.0347103109,4,2
0.0004101865,-0.0863093436,-0.0031666774,0.0044924232,0.0486742704,0.0029686129,0.0084545394,0.0259118119,4,2
0.0004935342,0.1096032645,0.0042189328,-0.0074907354,0.0323463079,-0.005705642,-0.0211804317,-0.0445602896,4,2
-0.0002545829,-0.0410043872,-0.0018279311,7.21372887145155E-005,-0.0292352492,-0.0027980018,0.0292423404,-0.0363939202,4,2
-0.0012265383,-0.1462906478,-0.0048107335,0.2355078185,0.1439908239,0.1852013663,0.1176452267,0.3059078107,3,3
-0.000976133,0.0688567394,0.0018442422,-0.0016096695,0.2252559776,-0.0078547813,0.0611315122,-0.16334952,3,3
0.0001757376,-0.00282636,-0.0001931508,0.0072140507,-0.0467065452,0.0181888996,0.0472617232,0.0909734628,3,2
-0.0020077255,0.0311468255,0.0013026442,-0.0036849921,-0.0452127293,0.0018663292,-0.0006949013,0.0691082872,3,2
-0.0009794853,-0.1131691931,-0.0036281293,0.0013916688,0.0218508123,0.0020069921,0.041244118,-0.0926377519,2,2
0.0165573278,-0.0512256581,-0.0012111417,-0.0019029237,0.0044715967,-0.0113464706,0.0030332879,-0.1723400522,2,2
0.0802369744,-0.074852199,-0.001684104,0.0224952506,0.0507223474,-0.0122760187,0.1007107605,-0.2093683397,2,2
0.0535471467,-0.1058481125,-0.0032704136,0.0152257431,0.0417005557,-0.0074100743,0.1390534355,-0.1910297392,2,2
-0.0008529064,-0.1604532429,-0.004638117,0.1525661543,-0.0456724612,-0.013984448,0.1831675989,-0.2332274716,2,2
0.5558033278,-0.0491373044,-0.0007122315,-0.0001157574,0.3733536769,-0.0106806413,0.0113876054,-0.1822315906,2,2
-0.0011846018,-0.4119414152,-0.0126417568,-0.0146651239,-0.0467065452,-0.0140582512,-0.094884414,-0.2338076435,2,2
-0.0006830684,-0.0300315952,-0.0009864996,0.0148434596,0.0355994956,0.0031705869,0.0339873836,0.0818465877,2,2
-0.0010632633,-0.1072583535,-0.0027121794,-0.0025207265,0.0131060168,0.0030867469,0.0729076842,0.0039055431,2,2
-0.0012885746,0.0242322717,0.001171979,0.0022604035,0.1428981513,-0.0021914051,-0.0133029669,-0.0135413868,2,2
0.0009199327,-0.0146423044,-0.000054858,0.0020773004,0.0956358953,-0.0084008977,0.0034750926,-0.104249974,2,2
0.0015052488,0.1033916901,0.0044793866,0.0084418562,0.2547469979,0.027838205,-0.0112002009,0.2545730548,2,2
0.0062934242,-0.0709863928,-0.0018524523,-0.0057940061,0.0923729498,-0.0112469102,-0.0096214047,-0.1657376713,2,2
0.0013623841,-0.0854331932,-0.0029832892,0.0144963612,0.1043618067,-0.0102115047,0.095083057,-0.1615635004,2,2
0.0017003962,-0.153020485,-0.0043848451,0.0527444356,0.0735521394,0.0002809935,0.1557951537,-0.1469525748,2,2
0.0018270906,-0.1055978807,-0.0034639107,0.0730343635,0.0708681068,-0.0030868068,0.2317821113,-0.0995256792,2,2
-0.0004848505,-0.0940219581,-0.0033299209,0.0072761024,0.0315892226,-0.012817897,-0.0147150942,-0.1895808753,2,2
0.0006630968,-0.0808835448,-0.0025799914,0.0103801082,0.0238645802,-0.0070261137,0.0008806103,-0.1338090874,2,2
0.0009364378,-0.1112096141,-0.0031821192,0.0214509548,0.0348138079,-0.0074322704,0.0011595305,-0.1399729119,2,2
0.0022972629,0.0298428045,0.0003452044,0.0055312242,-0.017026723,0.0084384376,-0.019448017,0.2152486687,2,2
0.0003614132,-0.0528648261,-0.0015840448,-0.0011617277,0.1511143688,-0.0001458084,-0.0230241721,0.0712308292,1,2
0.0028324764,0.0182363398,8.49276592597978E-006,0.0040791923,0.0475773703,-0.0002754393,0.1426009178,-0.0809913269,1,2
0.0014556445,0.0127036462,0.0005842395,0.0129842903,-0.0091168694,-0.0016968782,0.0797158439,-0.0611882602,1,2
0.0010912452,-0.0595907841,-0.0023919003,0.000944832,0.113942556,0.0209639997,-0.0245850953,0.3633316952,2,2
0.0013649684,0.0180004099,-0.0012494458,-0.0070237143,-0.0467065452,-0.010460773,-0.0299065186,-0.1628220125,2,3
-0.0006408559,0.3301289976,0.0092484583,0.0673023641,-0.0467065452,0.0196094849,0.0352328656,0.2791287429,2,3
0.2591271768,0.5263111719,0.6594440073,0.151437878,0.1756306544,-0.0510210807,0.017010726,-0.1360214872,1,1
0.3837980436,-0.1441526716,-0.1677468033,0.1786061069,0.0117170014,-0.1454323217,-0.0758193037,-0.067336811,5,1
0.1709871974,-0.1046299137,-0.1525762321,0.0823172636,0.174916677,0.3044199872,-0.0046041049,0.0396049297,3,1
0.1484816268,-0.2992116621,-0.3611477533,0.0664466172,0.1175521223,-0.0552863657,0.0710646407,-0.0079694032,3,1
0.2506717633,-0.0352703787,-0.0479466176,0.2750733237,-0.0784167353,-0.2155289734,-0.0012574424,-0.2693058488,3,1
0.2777659586,-0.2546576157,-0.2885371423,0.190026383,-0.0194187138,0.2877228679,0.0367930358,0.2877794319,4,1
-0.0186212462,-0.3144003025,-0.3455785732,0.0603062198,-0.0179970393,-0.0239603462,0.1092310115,-0.000281681,4,1
0.5360084254,0.2785035868,0.3380641708,0.1154236819,-0.0325758552,0.1288335594,-0.0191394738,0.0897499029,5,1
0.9880985502,0.070947392,0.053993451,0.1436855028,-0.0557521325,-0.1116999988,0.1561790138,-0.2216158344,4,1
0.0474891468,0.3004171249,0.3227884366,0.0881617903,-0.0313678668,-0.1174861713,-0.0429846391,-0.1904702052,4,1
0.1636443778,-0.0883488716,-0.0703848322,0.3546176451,-0.0679484645,0.1498608191,0.0122959783,-0.108130613,3,1
0.0122250678,-0.0669326188,-0.0198016898,0.2402211342,0.0209119981,-0.2401499867,-0.0746334349,-0.3886416551,4,1
0.0145260796,0.0347125907,0.0019407292,0.2152769811,0.1057134526,0.0335163382,-0.072142751,-0.2027419422,4,3
0.0114132918,-0.4326058991,-0.4647938766,-0.0121874813,-0.0640262631,-0.0058962574,-0.0354975843,-0.1178267056,4,1
-0.0164527707,-0.0086270668,-0.0139370973,0.0146045698,0.0364858368,-0.0017129881,-0.0068069522,0.0674005868,4,1
0.0123824706,0.1591854923,0.1993149939,-0.0113065945,0.2404489079,-2.32131762347861E-005,0.1150461206,0.155817478,3,1
0.0337973598,0.0437286043,0.0888167051,0.005989983,0.1213481941,0.0197253617,0.0026987663,0.6327626812,3,1
0.0405068612,-0.0135630422,-0.0271612584,-0.0076687551,0.165656275,-0.0023300693,-0.0039606581,-0.0459092655,4,1
0.3494946083,-0.351675304,-0.4245774179,0.1597622817,-0.0610568685,-0.0017792704,0.0547882861,-0.0995704465,4,1
-0.1187376353,-0.266309202,-0.3310275073,0.0415275167,-0.0640262631,-0.0039249409,0.079991622,-0.1097663888,4,1
0.0029008592,0.050326288,0.080299266,0.04072728,-0.0640262631,0.00334912,0.0683081434,-0.0058091069,4,1
0.010456488,-0.0591041357,-0.0881491425,0.0007307764,0.0175653375,-0.0019373995,-0.0027686627,-0.0415438332,3,1
0.008267693,0.1345940372,0.2213563142,0.0534767338,0.1151144651,-0.0016048277,0.0101869002,0.0487571804,3,1
0.0008387961,0.1687722104,0.2293225311,0.0055139301,0.2841314676,0.0013350569,0.0034736746,-0.0241895172,2,1
0.0172600169,-0.0991109693,-0.1176470498,-0.0019776856,0.1645325717,0.0119181759,0.0056601294,0.0250744249,2,1
0.2994631213,-0.2229172706,-0.2762736429,0.009127643,0.044303512,-0.0033828572,0.0626282439,-0.0844853865,2,1
0.0029527405,-0.1472544195,-0.1536676465,0.0146991865,0.3232279317,-6.08944341915268E-005,0.1122261739,-0.047157427,2,1
0.0135412851,-0.2272653194,-0.3016747004,0.0169414413,0.0109600058,-0.0036047507,-0.007274301,-0.0804279053,2,1
0.0075538667,0.0548344373,0.0858016626,0.1825620228,0.2215017463,0.0135772619,0.0287399265,0.0454494862,2,1
0.00956291,-0.0787458062,-0.1127602714,0.0021060933,0.002137744,-0.003471119,-0.003156114,-0.0688009286,2,1
0.1189104384,0.0073563819,0.0201423326,-0.0072513445,-0.0640262631,-0.0046523275,-0.0064409542,-0.0551676157,2,1
-0.0075533141,-0.0447201502,-0.1039504497,0.0132485728,0.4862899835,0.0091208777,0.0110795685,0.1914441934,4,1
0.7715447196,0.0018956422,0.0026527525,0.0023998612,-0.0302214043,0.002643881,0.0087428653,0.042007693,4,1
0.3874177036,0.1112479428,0.1492593081,-0.0022328984,-0.0631565475,0.0185300365,-0.0002781224,0.5892021783,4,1
0.2441496555,0.1330416477,0.196976947,0.0280491595,-0.0640262631,0.0008550873,0.012650394,0.0024459832,2,1
0.1047749068,-0.0055966916,-0.0230435056,0.0030101185,-0.0640262631,0.012447776,0.0019928861,0.0897583936,2,1
0.0217661407,0.3371486291,0.3992638825,-0.0085858056,0.042753712,0.0550170123,-0.0048326383,0.6473225653,2,1
0.3940318026,-0.0209455608,-0.0180775879,-0.0106418679,-0.0640262631,-0.0017094367,-0.0109448754,-0.0385516671,2,1
0.0031825812,0.0494517261,0.0171442793,-0.0055150889,-0.0640262631,0.0027149505,-0.0066866462,0.0360734231,2,1
0.004946584,0.1995273867,0.2846518845,0.0251170036,-0.0635914053,0.0103889663,0.0020838076,0.0857724336,4,1
0.0031233897,-0.1627791844,-0.2307519468,0.0378407628,0.0735449269,0.0157342058,-0.0064317906,0.2035675407,2,1
0.002649423,0.0054677411,-0.0082606892,-0.0108504171,0.074110432,0.0033349486,-0.0071339561,0.0914487848,2,1
0.0054453536,-0.2090084574,-0.2658533069,-0.008585701,-0.0635914053,-0.0007681963,-0.0062907898,-0.0390822633,3,1
0.0080108732,0.1998533075,0.2440482644,0.0080833254,-0.030155901,-0.0006768919,0.0086179976,-0.0358463321,4,1
-0.0197775678,0.1048445526,0.0692585817,-0.0026181702,-0.0242422224,-0.0041037632,-0.0026091661,-0.026929772,1,1
0.012939364,0.1919551907,0.2328883486,-0.0009127699,-0.0631565475,0.002463156,0.0077895659,0.091201415,2,1
0.00504842,0.0455887219,0.0530783372,0.0363739968,0.2172792805,0.0007312458,0.0170931232,0.0099215754,2,1
-0.0062218438,0.0021009133,0.0069041026,-0.0043013422,0.1390520491,0.0084522053,0.0054969236,0.0997672901,2,1
0.0183541824,-0.0043456243,0.0133700737,-2.54372476897998E-005,0.1122604739,-0.0048885369,-0.0094647599,-0.0268960156,2,1
0.0040181607,0.0896737631,0.1068037173,0.0291353336,0.3271319952,-0.0008714189,0.0353742984,0.0235081483,2,1
0.0331179166,-0.0149401122,-0.0265961101,0.0468737083,-0.0640262631,6.39412891892146E-005,0.0698525637,-0.0573780785,2,1
0.0235263861,-0.1371399776,-0.1947430179,0.1543963583,0.0923047238,0.0013237406,0.1112881816,-0.059308558,2,1
-0.1187376353,-0.0454148005,-0.0363437049,-0.0089158088,-0.0179445494,0.008589307,0.0022229638,0.0483263715,2,1
-0.0011939643,-0.0719119519,-0.1033618073,-0.0012026091,-0.0388086791,-0.0022904164,0.0059438924,-0.0188652269,2,1
0.0037836204,-6.41611302748161E-005,0.0175734498,0.0111134818,0.1670681117,-0.0023791712,-0.0036773165,-0.0340006793,2,1
-0.1187376353,-0.1440573502,-0.1773763528,0.0133009408,-0.0640262631,-0.0042703853,-0.0085868492,-0.077028459,2,1
0.0997836465,0.1734007067,0.2027763238,-0.0052762549,0.2344596128,0.0020206702,-0.0072118788,0.0401503858,2,1
0.0017052525,-0.03708683,-0.0255771196,-0.0025814629,-0.0322381061,-0.0027083312,-0.009828952,-0.0059204033,2,1
0.0142665509,-0.1424135774,-0.246542467,-0.0083656274,-0.02675816,-0.0031681178,-0.0062057236,-0.0403190832,2,1
-3.86826233108704E-005,0.0196766263,0.0333774637,0.0018101934,-0.0147601771,0.0051739051,-0.0051809049,0.0757675708,2,1
-0.1187376353,-0.0230942545,-0.0252434745,0.0088712801,0.0405954611,-0.0043229894,0.3583107782,-0.0845211281,2,1
1,-0.0906478237,-0.1218786049,-0.0051618018,0.1862112325,-0.0019637043,0.0030462871,-0.0121787359,2,1
0.0095173168,-0.4142426722,-0.4750773008,-0.0094536171,-0.0640262631,-0.0055942777,-0.0087834106,-0.1092176549,2,2
0.0063947596,-0.1519011569,-0.0834822102,-0.0031878822,-0.0505628906,0.3791953942,-0.0165846313,0.3925012452,2,1
0.0985643684,-0.0620236422,-0.0264714737,-0.0061189585,0.0386607555,0.4035961516,-0.0143851909,0.6139950842,2,1
0.0901353378,-0.1712772517,-0.0654615794,0.0355563965,-0.0536031248,0.1875989464,0.0493616829,0.3416654445,2,1
0.08775937,0.1284122161,0.1273976675,0.0116286995,-0.0521640063,0.1394167218,-0.0190803118,0.3291245647,1,1
0.1863359799,0.2881853658,0.3132012928,0.0121603773,0.5270706648,0.183607941,-0.0036834384,0.3646143495,1,1
0.0057637843,-0.1647899498,-0.0948760984,-0.0010220238,0.1061480546,-0.0374535291,-0.0035764864,-0.1753282652,1,1
-0.0062648435,0.1120576264,0.1549817062,-0.0080670122,0.1061523225,0.0973676982,-0.0044173419,0.2845363946,1,1
-0.0019420243,-0.0485501325,-0.0207584446,-0.0115347411,1,-0.0343703728,-0.0114782258,-0.1773124537,1,1
-0.0114398352,0.1792333666,0.1956818322,-0.0098066259,0.5717877015,0.0454344683,-0.012323222,0.0558161814,1,1
-0.1192052477,-0.2135342815,-0.1121483618,0.0247193463,-0.0536031248,0.1073278835,0.0167905374,-0.1316319841,1,1
-0.1228428988,-0.1255370374,-0.0821900005,0.0067079378,0.017929165,-0.0439875637,-0.0008637969,-0.0159659861,1,1
0.4540545222,0.0084573708,0.0670314321,-0.0052085862,0.5576034968,-0.0818962492,0.0263253568,-0.2677244469,1,1
0.1942554041,0.1315363346,0.1889558498,-0.0026356502,-0.0536031248,0.319058352,0.0020421655,0.3997905032,1,1
0.1426923708,-0.7516870309,-0.4970316988,-0.0223570335,-0.0536031248,-0.116578866,-0.0644904548,-0.4162367538,1,1
0.0501108742,-0.2004798202,-0.115301215,-0.0040113986,0.2160180618,-0.1025475734,-0.0079590697,-0.3244599689,1,1
0.0221546546,0.0104150479,0.0670341984,0.0156318848,0.5614929462,0.0479546009,0.0228412649,0.0805422919,2,1
0.1555552939,0.0072684143,0.0485884613,-0.0051967727,0.2213032242,0.2491822042,-0.0031882357,0.3123145948,2,1
-0.0026346696,0.223515814,0.2462319956,-0.0092705783,0,0.030548222,-0.0103182051,0.1201268392,1,1
0.0068067158,0.0471543758,0.1158292412,0.00866687,-0.0325064702,0.0600811584,0.0148842214,0.0733980634,1,1
0.5117719555,0.3873332654,0.3795716267,0.6862012948,-0.0536031248,0.1256419467,-0.0224896765,0.5834224193,2,1
0.0281765357,-0.0035051196,0.0735448431,-0.0040280351,0.1281898888,0.0397742924,0,-0.004942853,1,1
0.0225197571,-0.0724513986,-0.0043633456,-0.0058370507,0.4584976221,-0.054351108,0.0027651068,-0.2016802413,1,1
0.0097636717,0.0165250625,0.0697647248,-0.004480045,0.5451461889,0.0119114408,0.0096057865,-0.108681298,1,1
0.0009947112,-0.1752574567,-0.0956618467,-0.0099919038,0.4433180556,-0.017622162,-0.0108646342,-0.0887699855,1,2
-0.00143416,-0.1699179184,-0.1488051568,0.0079382744,0.1677030254,0.0987819078,0.0066797346,0.0585462557,1,2
0.0356999906,-0.1383040175,-0.1192168065,-0.0044320842,0.1935547633,-0.0106205601,-0.010974027,-0.0470998352,1,2
0.2053540632,0.0975006518,0.0105921711,-0.0058013775,-0.05241092,0.4097526671,-0.0118524776,0.7528739713,1,2
-0.001798039,-0.197512269,-0.1657698799,0.0206292588,0.7574259239,-0.0024482029,0.0187445523,-0.0971741247,2,2
-0.1228428988,0.5613593359,0.3220876252,-0.0223570335,-0.0536031248,1,0.0247989367,1,2,2
-0.0010220067,0.2294121273,0.1959718684,-0.0046603266,0.1250102786,0.1525892567,-0.0131995831,0.3530954635,1,2
-0.0145794745,0.0498172388,-0.0141640974,-0.008932822,-0.0536031248,-0.0222857752,-0.0175611998,0.1424404644,1,2
0.0476765531,0.0241720024,0.0294145577,-0.0120696237,-0.0060888716,-0.0203990937,0.0001102407,-0.0205006893,2,1
-0.0933329133,0.0764132941,0.0419102665,-0.022639971,-0.0060888716,-0.0048230848,-0.0003105852,-0.0193015462,4,1
0.0294695643,-0.0375049564,-0.0309183722,0.0088832669,0.0089542229,-0.0222435603,0.0003040925,-0.0376104635,4,1
0.0186867846,0.0036083376,0.0006256896,-0.0104080426,0.0239973173,0.0254716471,-0.0002575752,0.0307889122,5,1
0.0134417472,-0.0455396322,-0.0448676208,-0.0182733953,0.4164831603,-0.0262556236,0.0001405189,-0.0249155608,1,3
-0.0110276977,0.0301868749,-0.0167969325,-0.0057605022,-0.0060888716,0.0074067632,-0.0002752133,0.0221256708,1,3
0.0010984799,-0.1169093343,-0.1005923556,0.118111952,0.5230994453,0.0244863632,-7.90954298255416E-005,0.0026804701,1,3
0.0065403746,-0.185095551,-0.137885296,0.0693658871,0.062734021,-0.0519779252,-1.30087394498693E-005,-0.0883479692,1,3
-0.0933329133,-0.09640731,-0.0800555897,0.0132973007,0.2266746051,-0.0286762884,4.52357162758339E-005,-0.0582398895,1,3
0.0038197017,-0.0321445973,-0.0189375561,-0.0133504118,-0.0060888716,0,0.0005992882,0.0018368837,1,3
0.0036820875,-0.1428108274,-0.0995289526,-0.0224338081,0.5040687879,-0.0134995709,-0.0003811447,-0.0197245965,1,3
-0.00334864,-0.1735877998,-0.1235175323,-0.0175989424,0.4251629808,-0.0331559511,-0.0003064652,-0.0480028048,1,3
0.0002213066,-0.0197506682,-0.0430674351,-0.0197526072,0.3894843149,-0.0202919797,-0.0002544567,-0.0170661983,3,3
-0.010061757,-0.2129267732,-0.1372462779,-0.0188548171,-0.0060888716,-0.0510032433,-0.0004471416,-0.071062878,3,3
0.6639650708,0.069456319,0.0139814103,-0.021490887,0.8677824759,-0.0335130534,-0.0004464899,-0.0030418119,1,3
0.0281607928,-0.066866027,-0.0557450006,-0.0134550545,-0.0060888716,-0.0430268118,-4.30642566494699E-006,-0.0626676915,1,3
-0.0933329133,0.1792339055,0.0920147415,-0.0114004133,0.0092337156,-0.0203924327,0.0052623484,-0.0233510768,1,3
0.0110773912,-0.0898341974,-0.0611877862,0.0042030817,0.0861143923,-0.0288126036,0.0012935092,-0.0385049905,1,3
-0.0933329133,0.4339906669,0.3397421159,-0.0397635847,-0.0060888716,-0.0206060957,0.0041134729,-0.0775108528,3,3
0.0220453553,-0.0559031131,-0.0560476874,0.0365311069,0.0752049287,-0.0172946629,-0.0001173171,-0.019833047,2,3
0.0309766283,-0.0762170249,-0.0664681204,-0.0092977094,0.2720584635,-0.0305045779,-0.000032664,-0.0331805451,2,3
0.046136156,-0.1226660983,-0.0714904202,-0.003194951,0.0154012634,-0.026678193,0.0007990523,-0.0330685484,2,3
-0.0064519912,0.08935379,0.068019439,0.0010390426,0.2488577779,-0.0093408414,0.0002444617,-0.0128687727,3,3
0.0058484585,-0.0352565904,-0.0241024171,-0.0038184474,0.1307559267,-0.0276494125,7.97732953675782E-005,-0.0467830867,2,3
0.0115516092,-0.0817108258,-0.0690727033,-0.0079644057,-0.0060888716,-0.0405543856,5.9534945806776E-005,-0.0538669478,2,3
0.0025454431,0.1487337772,0.1275143255,-0.0021407463,0.0176888777,-0.0130381615,0.0004871761,-0.0145545985,3,3
-0.0933329133,0.1481229907,0.1419857937,-0.0277844548,-0.0060888716,-0.0576180649,0.0168987793,-0.0868628954,3,3
0.0042424051,-0.0555842974,-0.0285930976,-0.0173244913,-0.0060888716,-0.0358986132,-0.0003959132,-0.0406077703,1,2
-0.0933329133,0.0139499865,0.0105767856,-0.0155077393,-0.0060888716,-0.0156115995,0.0006947715,-0.0309671355,1,3
0.016851776,-0.0871212315,-0.0769810967,0.0104390146,0.0098230683,-0.0154509095,0.0008621237,-0.0218091542,1,3
-0.0933329133,-0.0758081137,-0.061905352,-0.0077597289,0.2282415009,-0.0033060551,0.0002730983,-0.0232454499,1,3
-0.0933329133,-0.0558134292,-0.0505038943,-0.0195026471,0.4383417755,-0.0417409924,-0.0003828365,-0.0729157639,1,3
0.0309478017,0.0057191534,0.0027905956,-0.0216177804,0.3642103115,-0.0386210386,-4.85573135147129E-005,-0.0414149757,1,2
-0.007424209,-0.3830591593,-0.2645766053,-0.0397635847,-0.0060888716,-0.0583240811,-0.0017436287,-0.0904950073,1,3
-0.0058333071,-0.3830591593,-0.2645766053,-0.0397635847,-0.0060888716,-0.0583240811,-0.0017436287,-0.0904950073,1,2
-0.0254544309,0.4275350761,0.3508052252,-0.0397635847,-0.0060888716,-0.0583240811,-0.0017436287,-0.0904950073,2,3
-0.028282701,0.2479657493,0.0359304763,0.2068775363,-0.0060888716,-0.0583210749,1,-0.0904926815,2,3
0.0465620928,0.0233071582,0.0500914215,0.0128231872,0.246131073,0.3165531318,0.0966545566,0.4080198569,3,2
0.1132070925,0.0222286487,0.0535091158,0.0047831563,-0.0104907765,0.0645310897,0.0379017245,0.0735687426,2,2
0.0241679432,0.0301530823,0.0705487935,-0.0299388692,0.0145977121,0.0505287713,-0.0958848648,0.1598888344,2,2
0.0229704786,0.0002582299,0.0250002792,-0.0068904309,0.0115186078,0.0581895822,-0.0457759023,0.1780332423,2,2
0.0310996701,0.0182186953,0.0482642337,-0.0313280839,0.0097232567,0.0630339174,-0.0784657416,0.1901030328,2,2
0.0237242489,0.0314170626,0.0640783166,-0.0275567994,0.0410475427,0.0738248022,-0.1133580947,0.2072446202,2,2
0.0135265431,-0.0211166489,-0.0168676692,-0.0194107782,-0.0061631723,0.0424215156,0.0468187387,-0.1607148831,2,2
0.0026967964,0.022844873,0.0499613094,-0.0083916135,-0.0847140983,-0.013017451,0.0011133471,-0.0939081423,2,2
0.2145851934,-0.0109938655,0.0042916767,1,-0.0941038469,-0.0753175212,-0.0013558029,-0.3237831383,2,2
-0.0265342026,0.0183850918,0.063702202,-0.0256229197,0.0308187902,-0.0249505247,0.1060349898,0.270312191,3,2
-0.0019831296,0.0026554349,0.0014841195,-0.018105103,-1.82548408873043E-006,-0.0092304366,-0.0168388483,0.0261257984,1,3
0.0035695794,0.0047206878,0.0023615676,-9.69702734174965E-005,0.0287000705,0.1073544836,-0.0046313985,0.494912439,2,3
-0.0025423835,0.0033883077,0.0022356003,0.0237345415,0.0174053457,0.0019120137,0.1520956474,-0.0339581129,2,3
-0.0044799337,0.0034335522,0.0019093568,-0.0044931019,0.0342909839,0.0450415375,0.0092028351,0.0714840041,2,2
-0.0011476521,-0.0023176007,-0.001094371,-0.0284783404,0.0458142373,-0.021874514,0.0289859996,-0.0466908121,2,2
-0.0019486641,0.0032613029,0.0018906833,-0.0204598946,-0.0343580107,-0.0041303892,-0.0431118208,0.0028224698,2,3
-0.0022003154,-0.0002099238,0.0002337,-0.0489234504,-0.0087518962,-0.0287488812,-0.0308824546,-0.0646820639,2,2
-0.0038085448,0.0020517251,0.0012915671,0.0007493584,-0.0343580107,0.0145253565,-0.0036868525,0.0349060626,2,3
-0.0011805801,0.0051591608,0.0027667889,0.0864361041,0.020392621,0.1727841079,-0.001672577,0.4452343109,2,3
0.0018808354,-0.0007920677,-0.0002541868,-0.0335161066,-0.0174320791,-0.0093799146,-0.0318448638,0.0043974682,2,3
-0.033137705,-0.0021089168,-0.0011606696,-0.0474727882,-0.0343580107,-0.0312194551,-0.0339275766,-0.0863309656,2,3
0.0097563162,0.0009470282,0.000513108,0.0536837724,0.0797856465,0.0274100218,-0.0007292716,0.1022017398,2,3
0.0001324533,-0.0007925803,-0.000586801,-0.02790865,0.1822912103,0.0305636052,-0.0568139615,0.195928254,2,3
0.0434846828,0.0022170824,0.0013299495,-0.0076668115,0.0791609121,0.0280560125,-0.0097122293,0.1748314268,2,3
0.0097163383,-0.0002611323,-5.34474450700582E-005,-0.0274860068,0.0224434616,0.0180071097,-0.0335496416,0.0342742377,3,3
0.0778805951,-0.0018928556,-0.000993352,0.0013339045,0.0092668081,0.0452548344,-0.0308060582,0.0897656565,3,3
0.1351632407,0.001522988,0.0012320428,0.0303704751,-0.0085815179,0.0359552253,-0.0420153987,0.1302055606,3,3
0.0366339287,0.000294339,2.93641830929437E-005,0.0169205213,0.0223173895,0.0769847047,0.01454069,0.224743298,3,3
0.0507543528,0.0011664239,0.0007877538,-0.0249875468,0.0091688133,0.1032836847,0.0078353771,0.2351617639,2,3
0.039137887,0.0005707821,0.0001879283,0.0967718631,0.0184980315,0.0538030132,-0.0403475398,0.2929361689,2,3
0.0039968487,-0.0001919152,-0.0006517724,0.1703891482,0.0326498689,0.4523295698,0.0103976227,0.3077640208,2,3
0.0063851268,-0.0019699817,-0.001261741,0.21083657,-0.0343580107,0.0486184645,0.2119325625,-0.0221844388,2,3
0.0007913427,-0.0004125995,1.20791432335457E-005,0.0980210346,-0.0343580107,0.0582422823,0.1332543825,0.0779212594,2,3
-0.0001615563,-0.0023005403,-0.0012465885,0.0029013281,0.0759374288,0.0276985192,0.0634758758,0.0607004334,3,3
0.0499688408,0.0011141,0.00052073,-0.0295237157,0.060799425,0.0671036236,-0.0360948938,0.2242718759,3,3
-0.0010573212,0.004224682,0.0024157296,-0.0101485037,0.0036027071,-0.0002754218,0.1206262561,0.0757160686,3,3
-0.0050278835,0.0015933415,0.000711315,-0.0093187956,0.0224718285,0.0485381684,0.0479283907,0.1498622679,3,2
0.0022600558,0.0014473205,0.0010623938,-0.0128379769,0.0583312876,0.0477551272,-0.0080983801,0.1486979251,4,3
-0.0008498763,0.0009958021,0.0008141618,-0.0305795936,0.0579780516,0.0312553611,-0.042162155,0.0827369023,3,3
-0.0015812272,0.0005061809,0.0001767733,0.0072377964,-0.0137677725,-0.0128219903,-0.0139863718,0.0039676588,3,3
-0.0019754255,0.0005792157,0.0005282983,-0.0177816972,-0.013854076,-0.0111924877,-0.0030476836,-0.0073612545,3,3
-0.000926825,0.0057015642,0.0026275167,-0.0329698112,-0.0343580107,0.0469297174,-0.024768149,0.1547298623,2,3
-0.0009159015,0.0037392701,0.002329842,-0.0047952315,0.0004215375,0.0302241869,-0.0257290293,0.114468904,2,3
0.0157354086,0.0026837702,0.0016739773,0.0419724157,-0.012976708,0.1334255642,-0.018936107,0.3635538239,3,3
0.0535175808,-0.0001871367,0.0001971739,0.1861574671,0.0188874387,0.1196886064,0.0635580821,0.2815957848,3,3
0.000510861,0.0019574589,0.0013800793,0.0256754704,0.0197268665,0.0590529014,-0.0195559411,0.220071613,3,3
0.0062236322,0.001206166,0.0008288351,-0.0016162407,0.0781963434,0.0080650361,0.0215067558,0.0171009775,3,3
-0.0002935977,0.0022497333,0.0012401678,-0.0224125363,-0.0340578715,0.0189713296,0.172493551,0.0121772425,4,2
0.0004358494,-0.0004334346,-0.0002973745,-0.0419430296,-0.0038562629,7.15328040719449E-005,0.1213095459,-0.0285366853,4,2
0.0008555311,0.002353676,0.0011136889,0.0633971009,0.0297390415,0.1132200579,-0.0223833475,0.2677649084,2,3
0.0012454294,-0.000860713,-0.0005781082,0.0393564227,-0.0064534256,-0.0167169451,0.0235549796,-0.0409584713,2,3
-0.0005506312,0.0003658385,0.0002023075,-0.0161538632,0.0270506083,-0.0219363318,-0.0077762246,-0.0084415079,2,3
0.0541217664,-0.0003268092,6.77192966746115E-005,-0.0009661709,0.0537726406,0.0131212525,-0.0490781106,0.0080941132,3,3
0.0007532637,0.0083160156,0.0047192126,-0.0186414987,0.1241660891,0.0509663866,-0.0407635472,0.2096132014,3,3
0.003317391,-0.0029676437,-0.0021497325,0.0097331334,-0.0181229341,-0.025356819,-0.0025853829,-0.0570890762,3,3
0.0017056257,4.33577229769011E-005,-2.46286044406669E-005,-0.024779883,-0.0341579179,-0.0101380353,-0.0045417849,0.0150088267,3,3
-0.0021055259,0.0005579611,0.0004716394,-0.0134020749,0.149903833,-0.0133128241,-0.0049617859,-0.0170499604,1,3
-0.0009325312,-0.0009108394,-0.0002654485,-0.0206498779,-0.0343580107,-0.017846849,-0.0496622539,-0.0219735634,1,3
-0.0038428458,0.0016056169,0.0010979866,0.1558233103,0.0257413369,-0.0149986916,0.0088127838,0.0088200655,1,2
-0.0024584427,-0.0021932196,-0.0015376428,0.3429453886,0.025696177,-0.031619258,-0.0722623269,-0.0788323132,1,2
-0.0026722291,0.0004786609,0.0003296766,0.0188198624,0.0382714703,-0.0150124491,0.0631627206,-0.041845679,1,2
-0.0036564257,0.0009128929,0.0004333169,0.033247516,0.0814038132,-0.0245673289,-0.0471706429,-0.0522784251,1,2
-0.0016378258,-0.0039680915,-0.0018234477,-0.0187880368,0.0302257829,-0.008854158,-0.0550435804,-0.0378953566,1,2
-0.0044100076,0.0001748018,0.0003248226,0.1305512742,0.0486380635,0.0375871819,0.0056394166,0.0234925583,1,2
-0.0019981633,-0.0014608067,-0.0006993967,-0.0348338138,0.0379720297,-0.0011511303,0.0241050802,0.0073948636,1,2
-0.000246576,-0.00102442,-0.0004755672,-0.0411853786,0.0100318863,-0.0312987868,-0.0328535801,-0.0872777447,1,2
-0.0001908139,-0.0020771216,-0.0007975458,-0.0374669499,0.0201140266,-0.0308009499,-0.0180854288,-0.066418037,1,2
-0.0027882021,0.001072886,0.0008737554,0.0204465608,0.0319528469,-0.019372965,0.0714391858,-0.0251025252,3,3
0.0118872061,0.0015083366,0.0008127617,0.02314262,0.2195523521,-0.0077870755,0.0906437137,-0.0208304738,4,3
0.0513200174,5.13808828375642E-005,9.68995767341901E-005,0.070545615,0.0024027457,0.0652515834,-0.0367677961,0.1477050611,3,3
0.0012152532,-0.0012349697,-0.0005996279,0.0330176704,0.0241931713,0.0346230268,-0.0007769972,0.0854899282,4,3
0.001022769,0.0031951991,0.0018134205,0.5437833115,-0.0338749439,0.0180199447,0.3714182859,0.0839692241,4,3
-0.005835281,0.0010366911,0.000796553,0.0119939375,-0.0220014306,0.0196530761,0.0042273841,0.0992861687,2,3
-0.0002737586,-0.0020384473,-0.0010038254,-0.0213215211,0.0329697757,0.0249680802,-0.0176433542,0.0522405669,3,2
-0.0002494346,0.0147905938,0.0086427848,0.0228303901,-0.0343580107,0.0039327944,-0.0254980524,-0.0075311316,4,3
-0.0009249046,-0.0042552791,-0.0023957575,-0.0096094335,0.009103071,-0.0348314136,0.0700241807,-0.1090624601,1,3
-0.0030639806,0.002329764,0.0010854589,-0.0145535462,0.1171566113,-0.0036809451,0.004168982,0.0119483559,1,3
-0.0009855957,0.0040201619,0.0018673405,0.0193770871,-0.0341579179,0.0645288902,-0.0450612408,0.3815758621,2,2
-0.0016398801,-9.63137451651701E-005,0.0002012622,0.0200547196,0.0215054945,0.28781575,-0.0470610952,1,3,2
0.0008650906,0.0002591593,0.0003050865,0.0110596199,0.0762779601,0.0263961173,0.0576366759,0.07494494,3,3
-0.0037218736,0.0006578823,0.0004449169,-0.0002787158,-0.0021732696,-0.0112009149,0.0441481677,-0.0714943292,3,3
-0.033137705,1,1,-0.0789863369,-0.0343580107,-0.0388247739,-0.2236170512,-0.1183082874,3,3
-0.0022620639,0.0004822226,0.0003087169,-0.0117634402,-0.0077732114,-0.0171918156,0.0009449839,-0.0548786709,3,3
-0.0019465661,-0.0007913096,-0.0002829471,0.0399013663,0.0351256493,-0.0162191977,0.0210861719,-0.0438600275,3,3
0.0208063156,-0.0005009077,-9.77891035859633E-006,-0.0163641587,-1.43533221324475E-005,-0.015816665,-0.0396632846,-0.0029413576,3,3
0.0672135667,-0.001408109,-0.0005933799,0.0335306691,-0.025906893,-0.0204365149,-0.0453745419,-0.0533228035,3,3
-0.0006498045,-0.0014633666,-0.0008720555,-0.0061309354,-0.0276066091,-0.0178345008,0.1517767064,-0.0593908066,3,3
0.001112854,-0.0026143896,-0.0012081633,-0.0349481078,0.0242789806,-0.0258476224,0.0151756825,-0.0766122926,3,2
0.007553588,-0.0030045031,-0.0015723964,0.0696568165,0.036571237,0.011455936,0.0135788918,-0.0040728692,5,3
0.0053804604,-0.0014040561,-0.0007835298,-0.0002194164,0.0118070104,0.0381660248,-3.41838302778621E-005,0.0515110881,3,3
0.0180166536,-0.0022928479,-0.0010715606,0.041474427,0.022050921,0.0189145057,-0.0038463705,0.0309737623,3,3
0.0066102876,-0.0025091046,-0.0011213222,0.0396457076,-0.0061821725,-0.0030410423,-0.0317246975,-0.0246555516,3,3
0.4453503985,0.001982468,0.0009242533,-0.0416091404,0.004185487,0.0035679156,-0.0357604928,0.0478701193,1,3
0.0059723184,0.0029342241,0.0017758917,0.0215883934,0.0064290143,0.0244070027,0.0253575834,0.2887202177,1,3
-0.0022054556,0.0021375162,0.0010113314,-0.0384744212,0.0310667649,-0.015672646,0.0146029623,0.0276308493,3,3
0.0018375216,-0.0008905367,-0.0007312531,-0.0181992585,-0.0335576395,0.008127856,-0.0144429322,0.002978499,6,2
-0.001659046,0.0006694103,-0.0005569089,0.0196995523,0.0236481002,0.0068935568,-0.0380412926,0.009571935,5,2
-0.0008836531,0.0029504259,0.0002288828,-0.0200876654,-0.0195304885,0.0354053818,0.0066107561,0.0729354262,4,2
-0.0018233198,-0.000281327,0.0001709514,0.0032595964,-0.008785132,0.0017458389,-0.0611982598,0.0921332409,4,2
0.0005705973,-0.0003178643,-1.21403789900847E-005,-0.0380928696,0.0334700801,-0.0122183924,0.0300086112,-0.029984815,2,2
0.0142750906,0.0018226757,0.0011511566,0.0134398831,0.0756107785,0.0012521402,-0.0241188282,0.026798856,2,2
0.0020498737,0.0003580834,0.0003841376,-0.0348582594,0.003563444,0.0110505631,-0.044361388,0.0658937342,2,3
6.42261892682662E-005,3.01370703179885E-005,-6.60413479322523E-006,-0.0417113319,0.018949826,-0.0172142429,-0.0531597794,-0.0075942528,2,3
0.0439894723,-0.0017876454,-0.0009071086,-0.0043973061,0.011354714,-0.0065701252,0.0694827887,-0.0127204894,2,2
-0.0130169906,0.0035734327,0.0021325214,0.1114323832,-0.0343580107,0.1621888061,0.091401187,0.304551963,3,2
0.2320065056,-0.0001091543,-0.0016760601,0.184208438,-0.0179224911,-0.0171079003,0.130693026,-0.0493641034,5,2
0.0060962407,0.0003046504,-0.001145732,0.0391432914,0.0523960324,0.030294037,0.0669609117,0.0498607022,5,2
0.0036962342,-3.36001430244993E-005,-0.0012694483,-0.0264027893,0.0095558184,0.0156940251,-0.0306419326,0.0869782096,6,2
0.0056120995,-0.0025835316,-0.0019763726,-0.0381802676,0.0241317396,-0.0027214447,-0.0409258567,0.023098876,6,2
0.0093348899,-0.0021548169,-0.0018980718,-0.0322438249,0.0273722979,0.0508521203,-0.0170643262,0.0983095852,5,2
0.0013566504,0.0014957825,0.0009788789,-0.0449141298,-0.015125486,-0.018601269,-0.0483523313,0.0167275032,5,3
0.0007460963,-0.0790892866,-0.0393786941,0.0082867704,0.3672200427,-0.0948630534,0.0479805418,-0.1435688264,3,1
0.0004718913,-0.0967865962,-0.0345996815,0.0123140988,0.45447054,0.1762829579,0.0069937802,0.0647713365,3,1
0.0003855926,-0.0510055981,-0.0506606421,0.0102743201,0.049548309,-0.1730585917,0.020975776,-0.2763821556,3,1
0.0005575425,-0.1325715225,-0.0410325733,0.0183726593,0.7119602804,-0.1680746507,0.0775038896,-0.3157012704,3,1
0.000506552,-0.0897773341,-0.0773721512,0.0167856583,0.156232507,-0.1849606394,-0.0104587358,-0.2846113241,3,1
0.0001249806,-0.0537666965,-0.0477712675,0.012735729,0.3053242204,-0.2078232831,0.0736188166,-0.3349350137,3,1
0.5766059476,-0.167277279,-0.1367883742,0.0289126386,0.0429354289,-0.2183802203,-0.0163825459,-0.3205295825,2,1
0.2522018949,-0.1510063391,-0.1229956073,0.0306499629,0.0220464963,-0.1708268556,-0.0026862286,-0.231397798,2,1
1,-0.1839424451,-0.1588518386,0.0224593527,0.0488434235,-0.1535140812,-0.0126501641,-0.2533467419,2,1
0.45609384,-0.175620112,-0.1612835785,0.0216616482,0.0641789629,-0.2715402196,0.0020837491,-0.3774943242,2,1
0.0467573694,-0.0071873632,0.0353875384,0.0155812251,-0.0241282764,0.362346823,0.020956756,0.2966091338,2,1
0.000115579,-0.0842710548,-0.0744572323,0.006171972,0.1412639872,0.1118535898,-0.0312066493,0.1408720048,4,1
0.1848928783,-0.1652078578,-0.1332914185,0.0154594458,0.1062434553,-0.1102312636,-0.0347256592,-0.1352182452,4,1
0.0831652089,-0.1431540434,-0.1109487079,0.0319556956,0.0961004723,-0.192052824,-0.0026290911,-0.2703771126,4,1
0.0016561546,-0.0557039584,0.0184115226,0.0201183064,0.2111166618,-0.1448943257,-0.0074297832,-0.2278330644,4,1
0.0194524203,-0.0113052237,0.0184492857,0.0152698384,0.1304227569,0.0105078559,-0.0291882784,0.055467737,4,1
0.1227302346,-0.1390453038,-0.0927906358,0.0275258431,0.2212129911,-0.1216787846,-0.0257921714,-0.1284246916,3,1
0.0078317227,-0.1356900897,-0.1240516874,0.0298856286,0.0749560986,-0.1431605942,0.0129356791,-0.2236981771,3,1
0.0589267551,-0.1417790545,-0.1328164066,0.0249252564,0.054960167,-0.199800171,-0.0302306013,-0.1825182511,3,1
0.0789210887,-0.160696802,-0.1223574394,0.022331007,0.1594123253,-0.2330129896,-0.0359867001,-0.2741492997,3,1
0.0045271044,0.0671035544,0.1032700489,0.0069099487,0.0471630095,-0.1330004162,-0.0037463902,-0.0061771731,3,1
-2.41888959725331E-005,-0.1753081035,-0.1231413983,0.0063204799,0.7185725208,0.4205619103,0.1973106231,-0.2384595528,3,1
0.0002215641,-0.0111996992,-0.0279720748,0.0172027303,-0.008571143,0.1650825365,-0.034440724,0.1695762701,3,1
5.96898274898129E-005,-0.0043370136,0.0211618822,0.0023173425,-0.0274593695,0.1417854969,-0.0109062454,0.0561421954,1,1
-0.0001048967,-0.1073755454,-0.1000209301,0.0060269201,-0.0270814712,-0.0863345679,0.0252796799,-0.213222894,1,1
0.0003725598,-0.1099057062,-0.11761767,-0.002123033,0.0350958083,-0.3008569578,-0.0313082691,-0.4367227291,2,1
5.4910294014702E-005,0.1928435323,0.2219010169,-0.0010914634,-0.0292509088,0.0056800316,0.0035154943,0.1537532543,2,1
-0.0023663773,0.2726018568,0.3979386757,-0.0035255233,-0.0292509088,0.0250266674,-0.0325144878,-0.0190852938,1,1
-0.0002687827,-0.0424619639,-0.0834641687,0.0429730737,-0.0266977457,0.2263881155,-0.0260369263,0.1202149783,1,1
-0.0141245661,-0.1879869576,-0.0409617013,-0.007561496,0.5235600759,-0.0007799343,0.0145507884,0.0233679726,3,2
-0.0141245661,-0.1717251402,-0.0359798079,0.004626345,0.0432691183,0.0907782485,0.0233777677,0.354764391,3,2
-0.0141245661,-0.1855551915,-0.0369600158,0.0090800765,0.2438291797,0.084457996,0.1199265828,0.3287951136,4,2
-0.0022019685,-0.0101093,-0.016361035,0.0086907165,0.1681240701,0.0168196527,0.0179584731,0.1058511813,4,2
0.0109337187,-0.1882091805,-0.0717006769,0,0.1658253953,-0.0051161077,0.0110034008,-0.0755114663,3,2
0.0014963594,-0.1759468089,-0.0542599379,0.12531614,0.3301755504,0.0167881495,0.0420077783,-0.0498143316,3,2
-0.0001788375,0.04827275,-0.018998187,0.034394677,0.7115849073,0.0685313739,-0.0039341174,0.5290062392,3,2
0.0019162297,0.0547441562,-0.0403545816,0.0204467569,1,0.0676778136,0.0022133437,0.4476108968,3,2
-0.0007780458,0.0267876316,-0.0257015994,-0.0041308981,0.1118727674,0.0314975328,0.0028700875,0.0953203015,3,2
-0.0004647968,0.0777535552,-0.0353863972,0.0220318622,0.2536600516,0.0023059049,0.0180488203,-0.1527755256,3,2
-0.001226891,0.0287175487,0.0218679633,0.0159513175,0.7011233826,0.044962027,0.0010919286,0.1495682861,3,2
0.001862328,0.0292145982,0.0307200816,-0.0043547023,-0.0056722433,-0.0160794203,0.0132208065,-0.0992760183,2,2
0.0485290612,0.0199441194,0.0288642367,-0.0046612108,0.0064645419,-0.0190836116,0.007364976,-0.1014085195,2,2
0.5145073532,-0.0011092259,0.0071899463,-0.0068190271,-0.0033394032,-0.0192076582,0.0269771447,-0.127135487,2,2
0.269164059,0.0172396619,0.0113755024,-0.003590346,0.1701466188,-0.0091839899,0.0134497387,0.0226729153,2,2
0.1679362479,0.0267180711,0.032681749,-0.0062522806,0.2301674762,-0.0052035837,-0.0014142891,0.0029122512,2,2
0.3129555762,0.0373315658,0.0351808407,-0.0051555423,0.0270086511,-0.0116812276,-0.0098965706,0.0003128732,2,2
0.1534072043,0.0473501258,0.0399677376,-0.0059640571,0.1784956397,-0.0074776412,-0.0148928775,0,4,2
0.0530090027,0.029714734,0.031956796,-0.0042688448,0.00462117,-0.0067345407,0.0087986985,-0.0650233154,4,2
0.0584622977,0.0184429288,0.0161080352,-0.005085529,-0.0005486213,-0.0122691539,-0.0051488543,-0.0217209242,4,2
0.0677645173,9.31465476562311E-006,0.005508902,-0.0033732684,0.0098337491,-0.0191202062,0.0082676144,-0.0914768729,4,2
-0.0015197045,-0.0110973995,-0.0046992321,-0.0001420755,-0.0096786471,-0.0141611206,0.0055874285,-0.0682163511,4,2
-0.0008419167,-0.0149036518,-0.0201223585,0.0027889906,0.2444397124,0.0504755967,-0.011949787,0.0299962417,4,2
-0.0010110313,-0.0160412775,-0.0136227014,-0.0036735739,-0.0096786471,0.0878844823,-0.0140684407,0.2140783795,4,2
-0.0003431834,0.0272029882,0.0089178894,0.008675728,0.3418361671,0.0035845199,0.0027806184,0.3070382111,4,2
0.01230328,0.0584130527,0.0446019743,0.0092381673,0.3816314445,0.0672240633,-0.0066054752,0.293082879,3,2
-0.0141245661,0.0256463007,0.0142353249,-0.0028797606,-0.0096786471,0.0672297244,0.0111427991,0.19719126,3,2
-0.0001433321,-0.0343602393,-0.0256428706,0.0236849873,0.3146665332,0.0524663375,0.0491379952,0.2311291757,3,2
-0.0141245661,-0.1021669,-0.0772466399,-0.0178479387,0.0575865356,1,0.6013455645,0.0933940851,3,2
-0.0141245661,0.0126947736,0.0081548411,-0.002303259,-0.0066841904,-0.0198735198,-0.0148592672,-0.1626663978,3,2
-0.0015743471,0.0293491318,0.0162780968,0.0037726231,0.2935756994,0.0138396662,-0.0051769749,0.1079858725,3,2
-0.0020652966,0.082806055,0.0681348502,-0.0016056701,0.4995754288,0.0644156148,-0.0025848163,0.4000120683,3,2
-0.0141245661,0.1002926734,0.0817586487,-0.0039268163,0.4824547875,0.0013279423,-0.0161879832,0.1170821291,3,2
0.1021492452,0.0037956382,0.0070904727,-0.0072652096,0.0805122761,-0.0094841785,-0.0078766362,-0.0091170938,3,2
-0.0013866726,-0.0168490385,-0.0043030311,0.0092689641,-0.0096786471,0.0215492107,0.0086584457,0.1097737939,3,2
0.0448138368,0.0620999601,0.0425460384,-0.0073174769,-0.0046079427,-0.0088048637,-0.0069888661,0.017401321,3,2
0.0583161591,0.0217420597,0.0129621842,-0.0062894797,0.0086585966,-0.0088408155,-0.0069371809,-0.026569322,3,2
0.0576039594,-0.0088712315,-0.0014460338,0.0048299994,-0.006085299,-0.0134486418,0.0015395779,-0.0756084732,3,2
0.028074749,-0.007950837,-0.00002096,0.000691392,0.0025701006,-0.0163490277,0.0146346284,-0.1017893284,3,2
0.13907099,0.0238307307,0.0275474815,-0.0061637897,-0.0034691513,-0.0183210631,-0.0146554372,-0.0970428282,3,2
0.0599252662,-0.0305162367,-0.0245082364,-0.0055740857,-0.0096786471,-0.0250140421,0.011979652,-0.1780197195,3,2
0.3581171273,-0.0242961809,-0.0050756205,0.0027978582,0.0054901921,-0.0225687676,0.0255479922,-0.1485308404,1,2
0.0495139713,0.0301082234,0.0173349353,-0.0048775455,0.2569864463,-0.0166972837,0.0048673907,-0.111071782,1,2
0.021428525,0.0157559386,0.0153193761,-0.0047831937,0.0809368984,-0.0078852051,-0.0066238089,-0.0100083927,1,2
-0.0141245661,-0.1723737495,-0.0918322059,-0.0095714906,0.0018714002,-0.0261666766,-0.0242620507,-0.1960421447,1,2
-0.0007042046,0.0306535071,0.0487569039,0.0054490038,0.1304175737,-0.014994532,-0.0214672929,0.0685899989,1,2
-0.0141245661,0.249936266,0.20390485,-0.0178479387,-0.0096786471,-0.0211879849,-0.0274560043,0.0342844303,1,2
0.0435388109,0.0692553423,0.0691061939,0.0228968184,0.0236570562,0.0289908334,-0.0170733812,0.3569616908,3,2
0.1341821243,-0.1177222819,-0.0598425477,0.0208798653,0.7994463416,0.0086701883,-0.0128162548,0.2538442007,3,2
0.0929785187,0.2886618038,0.2066279157,0.1409331854,-0.0096786471,0.0412438597,-0.0112877774,0.8095787612,3,2
0.0048826532,-0.014145428,-0.0036820774,0.0180844087,-0.0096786471,0.053667389,0.0097222411,0.0891377203,3,2
-0.0003508414,0.0209525605,0.0118782516,-0.0010597548,0.1841785529,0.0600045905,0.001451573,0.3001771917,4,2
-0.0009895207,0.0205517478,0.025010883,0.0036792718,0.2406432133,0.0027865286,0.0108893549,-0.0148903086,4,2
-0.0007278471,0.070723274,0.0524182164,0.0045844027,0.2569762848,0.0506346966,-0.0002721661,0.0492607376,4,2
0.0044929918,0.0737432953,0.049497314,0.059894567,0.117991386,0.0895483003,0.0215631926,0.2373249514,4,2
0.0021953955,0.0261234695,0.0143645491,0.0140688182,0.2987328934,0.020419774,0.0145921547,0.0951148286,4,2
0.0002956589,0.036223899,0.0328796157,0.0107524192,0.3661937963,0.0099597864,0.0023996978,-0.033986905,4,2
-0.0002545448,0.0855069186,0.0756695625,0.0179575524,0.2811988395,0.1231561775,0,0.6238707308,4,2
-0.0013625221,0.0377881594,0.0338669952,0.0345516902,-0.0018742991,0.0423742312,0.0767495896,0.2345042789,4,2
0.0003447007,-0.0500220552,-0.0246750024,0.063229583,0.8150079422,-0.0170036771,0.0117480885,-0.1515244668,4,2
-0.0006192914,0.0059807294,0.0102223532,0.0062626615,0.7523028965,0.0056244039,0.0031557082,-0.0099942294,4,2
0.0014714391,0.0342492576,0.027153275,-0.0045474765,0.2318208222,0.009565261,-0.0079037812,0.0677178385,4,2
0.0023856347,0.0327983521,0.0291113516,0.0253311625,0.0006316172,0.0231211162,0.0138937572,0.2470798727,4,2
1,0.0612310279,0.0598470726,-0.0020241814,0.0886727434,0.0396291933,0.0202781971,0.3605268869,2,2
0.2279431347,0.0257696408,0.0276429344,0.0045747962,0.0675817417,0.0556986871,0.0139340962,0.2535578223,2,2
0.2727242001,0.0488747636,0.0493664775,-0.0046500289,0.1754381793,0.0158385412,-0.0078945415,0.0836434772,2,2
-0.0013823185,0.0288685211,0.027395572,0.0135612367,-0.0096786471,0.1144796112,-0.0018763159,0.3163883579,2,2
0.0018472095,-0.0104448159,-0.0029544645,0.0175291096,0.5757325365,0.0217345468,0.0079724897,0.1755977399,2,2
0.1613014592,0.019847898,0.0310384268,-0.0021413559,0.1374279223,-0.0092250212,0.0235102861,-0.0074465015,2,2
0.2640292934,-0.0457552547,-0.0122525909,-0.0080935534,0.4640977422,-0.0171924872,0.0189309314,-0.0985655806,2,2
0.1435205572,0.0007544672,0.0061403162,-0.0031932868,0.1264133597,0.004329163,0.0024897291,0.0880928391,2,2
0.0469368977,-0.0163983444,-0.0039484594,0.013392651,0,-0.0133298573,0.0141050867,-0.0292909877,2,2
0.0846014909,0.0143360766,0.0258000056,0.0016503844,-0.0056160924,0.0050697868,-0.0024315428,0.0150372015,3,2
0.0760849213,-0.0104122443,0.0032703295,0.0008420547,-0.001225181,-0.0171342536,0.0108547183,-0.1273900259,3,2
0.1438145242,-0.0003705292,0.0037718513,-0.0003786279,0.0276595127,-0.0226685566,0.0119142676,-0.1383804502,3,2
0.3543892384,-0.0511388737,-0.0264708724,-0.0075185917,-0.0043347728,-0.0222294226,-0.0183339038,-0.1473222987,3,2
0.2091677219,-0.0270783416,-0.0068918713,-0.0058928229,0.0183158166,-0.0179984423,-0.0149876382,-0.1097823521,3,2
0.0101492862,-0.0011401671,0.0040010465,-0.0028270587,-0.0058250472,-0.0206750844,0.0116584874,-0.1375041081,3,2
0.3847635787,0.0207248606,0.02453282,-0.0039950388,0.1145715002,0.0003892247,-0.0092127935,0.0926255185,3,2
0.0507841058,0.0071139828,0.007537999,-0.0028735436,-0.0016311368,-0.023095169,0.0100119788,-0.1394592523,3,2
0.1250115609,-0.0127406879,-0.0051775099,-0.0068275438,-0.0062130946,-0.0210986624,-0.012204964,-0.1335941071,3,2
0.2524505467,-0.0150991301,-0.0049940252,-0.0024161745,-0.0027225186,-0.0187167571,-0.0026474507,-0.0954977694,3,2
0.1131766549,0.028422914,0.0296643727,-0.0052841015,-0.0019853442,0.010219222,-0.0027643081,0.1313513538,4,2
0.2539459728,-0.0375357146,-0.0133204868,-0.006661652,-0.0040524484,-0.0247059505,-0.0078052224,-0.1709630598,4,2
0.0422274479,-0.0100943076,0.0015685801,-0.0059062775,0.0021329446,-0.0241162068,0.0006789781,-0.1677306514,4,2
0.1402509012,0.0378216196,0.0331976439,-0.0049740929,0.0581698496,-0.0188552689,0.0125851,-0.1303761094,4,2
0.0661139206,0.0034156573,0.0094244914,-0.002599322,0.2415875348,0.0125039369,-0.0050528199,0.0949150572,5,2
-0.0005157442,0.0576035094,0.046336196,-0.0059948826,-0.0096786471,0.0103878368,-0.0098659006,0.1249911961,5,2
-0.0141245661,0.0638086629,0.0009333121,-0.0054615212,0.0063630853,0.0307600867,-0.008939631,0.2356627584,4,2
0.0124681828,-0.0215976958,-0.0293761837,0.1592569671,-0.0096786471,0.0396923368,0.0043712532,0.1118769049,4,2
0.0057724492,-0.0478798702,-0.0594877321,0.0271339001,-0.0083953085,0.1979322831,0.0539292785,0.2774193584,4,2
-0.0141245661,-0.1018195088,-0.0657755389,-0.0093128516,0.4488061138,-0.0138855706,0.271942821,-0.0984895879,4,2
-0.0141245661,0.0452821698,0.0131336761,0.0079605391,-0.0083953085,0.0127873469,0.0076402395,0.0491288568,4,2
-0.0141245661,-0.169907728,-0.0458839878,-0.0011274499,0.7514213593,0.1070393921,0.0018727388,0.4989655487,4,2
0.0012113958,0.0138293517,-0.0063213308,-0.0047846632,0.0385592286,0.0250760663,-0.0020701177,0.2563910544,4,2
-0.0141245661,0.0452277545,0.0301831016,0.0031230044,-0.0077536392,0.0428235572,0.0030422005,0.2725625789,4,2
-0.0007984348,0.0677022142,0.0580722155,0.0064452029,0.0582549843,0.0286305333,0.0072224706,0.5071248703,3,2
-0.0015678015,-0.0468981162,-0.0321747364,0.041315023,0.1515686893,-0.0202280684,0.0344133574,-0.1463793127,3,2
0.0002627159,-0.0315794635,-0.0081585342,1,0.1856930537,-0.0227529797,0.441822427,-0.1570636774,3,2
-0.0002774722,-0.0480494563,-0.0167536066,0.1277042401,0.0282392579,-0.0206987992,0.0006484292,-0.114899098,3,2
0.0001653453,-0.0011004893,0.0084065913,0.2328822546,0.0197830939,-0.0212755841,0.0619725014,-0.1501028056,3,2
-0.0021911108,-0.0276764099,0.0031765916,0.0080178091,0.0747105146,-0.0083488838,0.0192211389,-0.0784068321,3,2
0.1154396,-0.0189938259,-0.0053046112,0.0002704625,-0.0077536392,0.0270056563,-0.0127277548,0.1997872486,3,2
-0.001093236,-0.0817026476,-0.033035567,0.1341521516,0.2079863974,-0.0164084463,0.0763139985,-0.1412768468,3,2
-0.0015085518,-0.0189461918,-0.0044792081,0.0370011518,0.1527143954,0.0077972652,-0.0127969328,-0.0653247522,3,2
-0.0141245661,-0.0650530458,-0.0360063323,0.0305101654,-0.0096786471,-0.0200007744,-0.000026379,-0.1516889748,3,2
-0.0018349668,0.0972493568,0.0806874302,0.0229034076,-0.0064703006,0.1257421426,-0.0068112497,0.5298652323,2,2
-0.0141245661,0.0140083148,0.026194362,0.0277435678,-0.0096786471,0.0387272728,-0.0168283924,0.231239158,2,2
-0.0023817498,-0.0300132533,-0.0087017702,0.0084912854,-0.0083953085,0.0427892257,-0.0081283356,0.1202118722,2,2
-0.0141245661,0.0047863362,0.0054903204,0.0124750213,-0.0096786471,0.3791972561,0.0193714937,1,2,2
-0.0141245661,-0.027446178,-0.0155277722,0.1552217881,-0.0019786155,0.0122219353,0.0917981312,-0.0783039316,2,2
-0.0141245661,-0.0533599523,-0.0605613899,0.2920522609,-0.0083953085,0.2629401414,0.0053303197,0.4211404373,2,2
0.0002182593,-0.0119118459,-0.0037277069,0.1390162817,0.19816076,0.1032184398,0.0887336847,0.2602394142,2,2
0.0051221963,-0.0353760371,-0.0110787943,0.1503943825,0.041692329,0.2026484248,0.1147203488,0.2761425613,2,2
-0.000842877,-0.0716077924,-0.0286779384,0.051479138,0.0944420207,-0.0205275841,-0.0198743289,-0.1540143443,2,2
-0.0002166961,-0.016577849,-0.0041306555,0.1444357205,0.0329559432,-0.0060962037,0.0240400385,-0.0782077908,2,2
-0.0008809057,-0.0624510168,-0.030391038,0.0443000582,0.1107313098,-0.0241783808,6.13288812510381E-005,-0.1713528268,2,2
-0.0008919947,-0.0173597879,0.0056023189,0.064442639,0.1124456904,-0.0032195095,0.0061638788,-0.095378928,1,2
-0.000330536,-0.0316409642,-0.0141714436,0.0502450057,0.02889745,0.0083701302,0.0880821718,-0.0675034499,1,2
-0.0018163132,-0.0901139725,-0.0395927619,0.0739511727,0.0396721037,-0.0024616212,0.0131021687,-0.1375640429,1,2
-0.0014156767,-0.0203490324,-0.0048983133,0.0454719146,0.0235780631,-0.015364561,0.0394569363,-0.1051078676,1,2
-0.0008035138,-0.0677750618,-0.0302142387,0.0369937229,0.087163251,-0.0196081629,0.0031554357,-0.1313097493,1,2
0.0712777345,0.0935398368,0.0448541695,0.1268550421,0.1911365175,0.2383361812,0.5629006439,0.9786306328,1,2
0.0571134505,0.0045298565,-0.0011191806,-0.0013944819,0.1183829162,-0.0112837436,-0.0082099935,-0.0439300908,1,2
0.0005161038,0.0072156406,0.0092477714,0.0050002981,0.186653898,0.0515607982,-0.0092061386,0.3691301071,1,2
0.0024781664,0.0572982662,0.0446210689,-0.004029919,0.2988795057,0.0159760242,-0.0104401554,0.1257919488,1,2
0.000343364,0.0369883597,0.0386325509,-0.001508766,0.1740386427,0.002400205,-0.0065264381,0.0376469189,1,2
0.0360192977,0.0108792111,0.0248816432,-0.001444707,0.3049423196,0.0038994729,-0.0110655304,0.0378561636,1,2
4.41309945143378E-006,0.0608830595,0.0480032953,0.0022682872,0.1286876096,0.0599295132,-0.0176528106,0.3380927655,1,2
0.0006110361,-0.0060595338,-0.0007734856,-6.14575539524072E-005,0.1427668209,0.0210996407,-0.0162005575,0.0994135253,1,2
0.0002634457,0.0499814463,0.0346505534,0.0174629361,-0.0045452927,-0.011062728,-0.0038577467,-0.0351181181,1,2
-0.0005949716,0.0268448401,0.029912012,-0.0003255809,0.1378126296,-0.0005525718,-0.0188505148,0.0285263378,1,2
6.02398944823804E-005,-0.0220233661,-0.0044692384,0.0012837031,0.1993425787,-0.0149222524,-0.0187155491,-0.1125602319,1,2
0.0001132349,0.0645702355,0.0606421541,-0.0021243559,0.0085356498,0.0249560807,-0.0142030036,0.175700372,1,2
0.0004313726,0.0049943031,0.0209558203,-0.0029121704,0.2250697895,0.0065575068,-0.0158409786,0.0491905223,1,2
-0.0001029522,-0.0118584484,-0.0057581634,0.0104021585,0.2300628771,0.0023300833,-0.0090882696,0.040760977,1,2
-0.0004671413,0.0372044943,0.029140974,-0.0047192556,0.2103807637,-0.019024759,-0.0169864539,-0.126699654,1,2
0.0111506537,-0.0298432686,-0.0065481429,-0.0027798351,0.2071888144,-0.015904574,-0.0176666323,-0.0852922487,1,2
0.023073124,-0.0665312581,-0.0288444035,-0.0027404076,0.2563012542,-0.0190738781,-0.011590531,-0.1349810936,1,2
0.0363728918,-0.0741952273,-0.0288854207,-0.0056650071,0.2362344981,-0.022598716,-0.0188959276,-0.1518497213,1,2
0.049191172,-0.0359376903,-0.0122912194,-0.0017904636,0.0742881068,-0.0154926079,-0.0069498312,-0.0468561252,1,2
-0.0007778529,-0.0187176036,-0.0076536732,0.0061016541,0.1558178036,-0.000555984,-0.000013906,-0.0568575422,1,2
0.0007238348,-0.058181977,-0.0279648632,-0.0025124129,0.1137537249,-0.014551321,0.0001193126,-0.0967703462,1,2
0.000132158,-0.018070916,-0.0014476494,0.0616187723,0.0769399971,0.2010574549,-0.0179737348,0.4519481036,1,2
0.0592721783,-0.0188836044,-0.0088100238,-0.0025017652,0.3122768238,0.026368053,-0.0022992587,0.2061102207,1,2
0.1390897923,-0.0117602457,0.0001857706,0.011288249,0.5360472563,0.0463068438,0.0033911362,0.2532443908,1,2
0.0731043503,-0.0596194426,-0.0337024306,-0.0068054198,0.1640031064,-0.0225486115,-0.0055905641,-0.1662131718,1,2
0.0069135616,0.0428221411,0.0253217144,-0.0013891026,0.2145931284,0.0007331247,0.0025197938,0.0042368922,1,2
-0.0141245661,-0.130389731,-0.0169318311,-0.0009315403,0.2615273276,0.0611244642,-0.0067038217,0.3146986468,1,2
-0.0007463267,0.0598316487,0.02791523,-0.0012866156,0.1463674447,0.0277214879,0.0027627912,0.1420061074,1,2
-0.0021908671,0.088525777,0.0488059682,0.000901049,0.1550600582,0.0610073982,-0.0076064906,0.3837604216,4,2
-0.0141245661,-0.1934076331,-0.0923073796,-0.0178479387,-0.0096786471,-0.0261677986,-0.0644806329,-0.1961653033,4,2
0.0001728256,-0.1415832776,-0.0432888659,0.0140145392,0.0978769581,-0.0168044944,0.0073212097,-0.0230533783,4,2
-0.0002734953,-0.0746701571,-0.0272003727,-0.0046555021,0.0922415103,0.0068802335,-0.0008932431,-0.0528550228,1,2
0.0013218647,-0.1582628912,-0.0339845796,-0.0043586506,0.198972006,0.0489932484,-0.0092433146,0.3215557264,1,2
0.0003798621,-0.1845922512,-0.0475823355,0.0085176742,0.1591879044,0.0254023593,-0.002596347,0.1411631937,1,2
4.20834404630384E-006,-0.1735711823,-0.0450469378,0.0499450392,-0.0058286313,-0.0253067524,0.085324742,-0.1868087968,1,2
0.0003604973,-0.1867825685,-0.0246414337,0.0165261087,-0.0083953085,0.0394556069,-0.0166333758,0.240218193,1,2
0,-0.1712897641,-0.079597949,0.0220656019,0.2111145051,-0.0258499145,0.0021167204,-0.1911232782,1,2
4.8315112390463E-005,-0.1874744424,-0.0423049371,-0.0056315564,0.6777008014,0.0085717895,-0.0103033324,0.0707989221,1,2
0.0002433759,-0.1381458721,-0.0566579746,0.0194863377,-0.0035125416,0.0143029161,-0.0073759723,0.0396132504,1,2
0.0008071327,-0.1868250874,-0.0830350299,-0.0112193905,0.9818340755,-0.0092651588,-0.0209494575,-0.0237586554,1,2
-1.94176375863287E-006,-0.1010864938,-0.058550472,0.1378952327,0.3610292837,-0.0156880686,-0.0129632237,-0.1445699288,1,2
0.000135977,-0.0386729629,-0.0288348295,0.004704429,0.0075422685,0.0236299101,-0.0147063358,0.1650467749,1,2
-0.0004366512,-0.0492444131,-0.0345487452,-0.0072015128,0.0680753548,-0.004763478,-0.009816886,-0.0449662005,1,2
0.0414153336,-0.1226067784,-0.0566618979,0.0105849073,0.148027307,0.0014222136,-0.0148739854,-0.0256219742,1,2
0.0064931778,-0.0463611741,-0.038949091,0.0070464639,0.164209429,0.0646737562,0.001783702,0.2689012248,1,2
0.0312901688,-0.0249752607,-0.036276913,-0.0023986213,0.2700571324,0.0286320644,-0.0010380568,0.1620408453,1,2
0.2126319605,-0.1014301571,-0.0585827758,-0.0076006179,0.0229942915,-0.022912591,-0.0075508894,-0.1660904234,1,2
0.0342839574,-0.0236869176,-0.035910686,0.0143553045,-0.0096786471,0.0316610856,0.0242724082,0.201956299,1,2
0.076801943,-0.0643392555,-0.0537891316,0.0350453542,0.0515688289,0.0057036616,0.0599168195,-0.1147073989,1,2
0.0284435421,-0.0105680384,-0.0194200588,-0.0050325232,0.0036276712,-0.0040929375,0.0122583606,-0.0701460863,1,2
0.0307828648,-0.0340888681,-0.0340977227,0.0014998653,0.2198632749,-0.0145294766,0.0230914286,-0.1154179748,1,2
-0.0141245661,0.0209496899,-0.0089206023,-0.0022649387,0.2965070401,-0.0118803064,0.1287198464,-0.1346708271,1,2
-0.0141245661,-0.2127718971,0.0222085776,-0.0178479387,-0.0096786471,-0.0261677986,-0.0644806329,-0.1961653033,1,2
-0.0141245661,-0.2127918098,0.0179605217,-0.0178479387,-0.0096786471,-0.0261677986,-0.0644806329,-0.1961653033,1,2
-0.0009620977,-0.1009749969,-0.0612011094,-0.0052151339,0.2491041187,0.0150284934,-0.0122254528,0.0873889448,1,2
-0.0006484659,-0.1482914349,-0.063466516,0.0049908091,0.1754505838,-0.0039649381,-0.01935334,0.0603895667,1,2
-0.0141245661,-0.1230926409,-0.049986276,0.0001835105,0.4670362296,0.0126527171,0.0005251973,0.0792916123,1,2
-0.0011221237,-0.1856657623,-0.0444226197,-0.0024921716,-0.0032619541,-0.0216554686,-0.0039707116,-0.1525647688,1,2
-0.0005704736,-0.1914348117,-0.0184327765,-0.0083817512,-0.0065803936,-0.0047360033,-0.0069533877,0.0129578807,1,2
-0.0141245661,0.2139836932,0.0220500997,0.0388695796,-0.0023065747,0.117001916,0.0058377302,0.6750628279,1,2
-0.0141245661,-0.1815374784,-0.0311681842,-0.0050756057,0.4865047953,0.0983203793,-0.0229813259,0.7738029447,1,2
-0.0006608454,-0.1796711276,-0.0541471542,0.0022889552,-0.0066582412,-0.0242127761,0.0115146968,-0.1662496536,1,2
-0.0043345463,-0.1826224514,-0.0580637673,-0.0127638349,-0.0096786471,-0.0068338632,-0.0031155475,0.062691388,1,2
-0.0003288099,-0.1398373961,-0.0068629677,-0.0011768075,0.2868200917,0.0187145266,-0.0153987441,0.1867938651,1,2
-0.001092306,-0.1758564839,-0.029872766,0.0039231314,0.0328653494,0.0218594047,-0.0077401265,0.1477490156,1,2
-0.0008396356,-0.1922487813,-0.0621432666,0.344874791,-0.0096786471,-0.0224769418,0.0139864764,-0.1609979082,1,2
-0.0006815449,-0.2127936854,-0.1143726397,-0.0178479387,-0.0096786471,-0.0261677986,-0.0644806329,-0.1961653033,1,2
-0.0007401273,-0.1940302714,-0.0614646548,0.1782940294,-0.0096786471,-0.0248883955,0.0785500216,-0.1816545989,1,2
-0.0011416051,-0.1919229515,-0.0793414559,0.2338650828,-0.0096786471,-0.0256597435,-0.0222288957,-0.1937117922,1,2
-0.0008970437,-0.1625367281,-0.032577316,-0.0076501723,-0.0083953085,-0.0057425337,-0.0039640169,-0.0373514397,3,2
-0.0006332155,0.0528254975,0,-0.0068255505,-0.0064923192,0.0440134528,-0.0164567092,0.4050328195,3,2
-0.000573711,0.0150772682,-0.0045661557,0.0111769971,-0.0072999105,0.0348234954,-0.0035313983,0.2493595542,1,2
-0.0141245661,0.0429300146,-0.0034208194,-0.0178479387,-0.0096786471,-0.0261677986,-0.0644806329,-0.1961653033,3,2
-0.0013197555,0.0459704026,0.0268981771,-0.0073804487,-0.0012328177,0.0225370097,0.0422990658,0.1839004714,1,2
-0.0003561035,-0.0947566258,-0.0307226686,0.0227824015,-0.0083953085,0.1332594101,-0.0117870348,0.5595289973,1,2
-0.0005711945,-0.1615030595,-0.0338349668,-0.0178479387,-0.0096786471,-0.02339507,-0.0267385401,-0.1508783824,1,2
-0.001160875,-0.1835681167,-0.0670717303,-0.0144449884,-0.0096786471,-0.0259912433,-0.0232333566,-0.1908257504,1,2
-0.0010919195,-0.1835681167,-0.0671821461,-0.0144449884,-0.0096786471,-0.0259912433,-0.0232333566,-0.1908257504,1,2
-0.0001211525,-0.2056278214,-0.0772120119,-0.0178479387,-0.0096786471,-0.0261677986,-0.0644806329,-0.1961653033,1,2
-0.0005958368,-0.197384585,-0.0759818985,-0.0178479387,-0.0096786471,-0.0261677986,-0.0644806329,-0.1961653033,1,2
-0.0010978153,-0.2127936854,-0.1143726397,-0.0178479387,-0.0096786471,-0.0261677986,-0.0644806329,-0.1961653033,1,2
-0.0007659375,-0.2127936854,-0.1143726397,-0.0178479387,-0.0096786471,-0.0261677986,-0.0644806329,-0.1961653033,1,2
-0.0005927198,-0.2127936854,-0.1143726397,-0.0178479387,-0.0096786471,-0.0261677986,-0.0644806329,-0.1961653033,1,2
-0.0008407057,-0.2127936854,-0.1143726397,-0.0178479387,-0.0096786471,-0.0261677986,-0.0644806329,-0.1961653033,1,2
-0.0010002857,-0.17885288,-0.016418517,0.0148942813,-0.0096786471,0.0748015736,0.0203607311,0.3867041739,1,2
-0.000703995,-0.1893842431,-0.0839106971,0.0110956133,0.9746926152,0.0795733811,0.0319689457,0.5434576141,1,2
-0.0141245661,-0.1897394351,-0.083991173,0.0013972664,0.3225732999,-0.0123413668,0.0317834313,-0.0128308715,3,2
-0.0141245661,-0.1602172821,-0.0395770686,-0.0106060466,-0.0034863577,-0.0140679021,0.0186310408,-0.0836644134,1,2
-9.65048647514633E-005,-0.2127936854,-0.071472435,-0.0178479387,-0.0096786471,-0.0261677986,-0.0644806329,-0.1961653033,3,2
-0.0002171654,-0.174387461,-0.0250188389,0.0044024053,-0.0066841904,0.0287540192,-0.0206906691,0.2406621335,1,2
-0.0010297045,-0.1699641072,-0.0229695932,0.004533055,-0.0096786471,0.0015264534,-0.0164413946,0.168703264,3,2
-0.0008382269,-0.1610347411,-0.0286245423,0.0024428345,-0.0055476425,-0.0097476225,-0.0099188861,-0.0409399096,3,2
-0.0007619819,-0.191993176,-0.0271225769,-0.0070688503,-0.0024189877,0.0105790832,-0.0190696209,0.1513369536,3,2
-0.000694575,-0.2127936854,-0.1143726397,-0.0178479387,-0.0096786471,-0.0261677986,-0.0644806329,-0.1961653033,3,2
-0.0007994734,-0.2127936854,-0.1143726397,-0.0178479387,-0.0096786471,-0.0261677986,-0.0644806329,-0.1961653033,3,2
-0.0008468754,-0.2127936854,-0.1143726397,-0.0178479387,-0.0096786471,-0.0261677986,-0.0644806329,-0.1961653033,3,2
-0.0009892255,-0.2127936854,-0.1143726397,-0.0178479387,-0.0096786471,-0.0261677986,-0.0644806329,-0.1961653033,3,2
-0.0009811813,-0.2127936854,-0.1143726397,-0.0178479387,-0.0096786471,-0.0261677986,-0.0644806329,-0.1961653033,3,2
-0.0004196643,-0.2127936854,-0.1143726397,-0.0178479387,-0.0096786471,-0.0261677986,-0.0644806329,-0.1961653033,3,2
-0.0001277019,-0.1748252704,-0.0354560916,-0.0017795947,-0.0071119699,0.0129368751,-0.0207634913,0.1759925848,3,2
1.89867852228042E-005,0.0320168207,0.0085239951,-0.000988781,-0.0071119699,0.053883151,-0.0172225851,0.411070378,3,2
-0.0003248041,0.0678246482,0.011175709,0.0086727744,-0.0058726685,0.1739688135,-0.007429289,0.7420681562,3,2
-0.0010066575,0.0040407973,-0.0190405634,0.2469004886,0.001099274,-0.0143093913,-0.0036177103,-0.0690428037,1,2
-0.0016432855,-0.0310280013,-0.0380687481,-0.0067223562,-0.0023646787,-0.0154091775,-0.0060364359,-0.0082783673,1,2
-0.0015631198,-0.0312046942,-0.0413443362,-0.0078613062,-0.0058286313,-0.0160135159,-0.0064564975,-0.0679566698,1,2
-0.0012497477,0.0240267179,-0.0635152532,-0.0031597065,0.6427074009,-0.0217707505,0.0097914294,-0.144365872,1,2
-0.0010910443,0.0529907213,-0.0527946602,-0.0036412677,0.6427074009,-0.0218776101,-0.0254305026,-0.1411051225,1,2
-0.0015341375,-0.0227238196,-0.0057250259,-0.0050859513,-0.0096786471,-0.0259534631,-0.0281748316,-0.1862458094,1,2
-0.0017937265,-0.2127936854,-0.1143726397,-0.0178479387,-0.0096786471,-0.0261677986,-0.0644806329,-0.1961653033,1,2
0.0006267404,0.053248187,0.0189868616,0.0449596404,0.1819030702,0.0454578516,0.2606033018,0.1784044042,1,2
-0.0001533728,0.206441299,0.0648617815,0.0205303947,-0.0096786471,0.1368830048,0.0164820169,0.6375433522,3,2
-1,-0.4794923754,-0.3856660176,0.0348309272,0.5480179507,-0.2071188597,-0.0149638309,-0.0552087615,1,3
0.0612308813,0.8615944337,0.827884249,-0.7296433368,0.216083141,0.9523146073,-0.0322329068,0.7486575377,1,3
-0.1157461783,0.1000319873,0.1813360827,0.2392685509,-0.2805990917,0.5661888263,1,0.9258759687,2,3
0.2635146655,0.4081901139,0.2125126475,0.4610122898,0.0502077768,0.5067287293,-0.0081924183,0.1731308712,2,3
